pattern,strategy,attack_information_ratio,defense_budget,T_opt,n_runs,lookahead_runs,infection_rate,activation_rate,detection_rate,PAS_at_T_opt,PS_at_T_opt,EP_max,mean_active_infectious,mean_exposed,mean_detected,RT,RI,RE,selected_policy_mode,best_before_guard_mode,safe_guard_mode
DCAC,CDP,0.25,0,210,50,20,0.01,0.15,1e-05,0.8398174119327401,0.92,0.772632018978121,101.58,2.06,0.08,17.7963482386548,0.4541186822437189,0.1601825880672599,CDP,CDP,
DCAC,CDP,0.25,20,300,50,20,0.01,0.15,1e-05,0.4602603924370765,0.92,0.4234395610421104,57.92,2.48,0.08,9.560843299329624,0.7191975417361727,0.4497830063024363,CDP,CDP,
DCAC,CDP,0.25,40,300,50,20,0.01,0.15,1e-05,0.1789835688628275,0.96,0.1718242261083144,22.34,1.04,0.04,4.078517384440633,0.912875214688106,0.5864403079551233,CDP,CDP,
DCAC,CDP,0.25,60,300,50,20,0.01,0.15,1e-05,0.1337300962805389,1.0,0.1337300962805389,15.44,0.54,0.0,3.112935521232515,0.9382971950071975,0.5414186898246631,CDP,CDP,
DCAC,CDP,0.25,80,300,50,20,0.01,0.15,1e-05,0.1458784203127179,1.0,0.1458784203127179,16.42,0.58,0.0,3.1006492525031373,0.9459602890527896,0.4745119887151567,CDP,CDP,
DCAC,CDP,0.25,100,300,50,20,0.01,0.15,1e-05,0.1003698193142773,0.96,0.0963550265417062,10.8,0.46,0.04,2.304807651085606,0.976777687468024,0.4498150903428613,CDP,CDP,
DCAC,CDP,0.5,0,180,50,20,0.01,0.15,1e-05,0.8381115062503707,0.96,0.8045870460003558,96.68,2.8,0.04,17.762230125007413,0.455227520937259,0.1618884937496292,CDP,CDP,
DCAC,CDP,0.5,20,300,50,20,0.01,0.15,1e-05,0.5056272435235128,0.96,0.4854021537825723,61.68,1.94,0.04,10.40466672953734,0.6905422917097165,0.4119772970637392,CDP,CDP,
DCAC,CDP,0.5,40,300,50,20,0.01,0.15,1e-05,0.1671150901310627,0.96,0.1604304865258202,21.76,0.9,0.04,3.8743795502542793,0.9203114411641906,0.5949177927635266,CDP,CDP,
DCAC,CDP,0.5,60,300,50,20,0.01,0.15,1e-05,0.1224941942143509,1.0,0.1224941942143509,14.32,0.66,0.0,2.935408268586744,0.9472680286621816,0.5484411286160307,CDP,CDP,
DCAC,CDP,0.5,80,300,50,20,0.01,0.15,1e-05,0.1085357900562464,1.0,0.1085357900562464,12.04,0.66,0.0,2.5629153768099484,0.9701901035502336,0.4952578944131964,CDP,CDP,
DCAC,CDP,0.5,100,300,50,20,0.01,0.15,1e-05,0.1003698193142773,0.96,0.0963550265417062,10.8,0.46,0.04,2.304807651085606,0.976777687468024,0.4498150903428613,CDP,CDP,
DCAC,CDP,1.0,0,210,50,20,0.01,0.15,1e-05,0.8952924553163655,0.94,0.8415749079973835,107.98,1.42,0.06,18.90584910632731,0.4180599040443623,0.1047075446836344,CDP,CDP,
DCAC,CDP,1.0,20,300,50,20,0.01,0.15,1e-05,0.532769085152835,0.94,0.5008029400436649,64.14,2.24,0.06,10.909504983842732,0.6724671702394027,0.3893590957059709,CDP,CDP,
DCAC,CDP,1.0,40,300,50,20,0.01,0.15,1e-05,0.2056542231653072,1.0,0.2056542231653072,24.66,1.14,0.0,4.5372526384432845,0.8962201944607132,0.5673898405962092,CDP,CDP,
DCAC,CDP,1.0,60,300,50,20,0.01,0.15,1e-05,0.1224941942143509,1.0,0.1224941942143509,14.32,0.66,0.0,2.935408268586744,0.9472680286621816,0.5484411286160307,CDP,CDP,
DCAC,CDP,1.0,80,300,50,20,0.01,0.15,1e-05,0.1085357900562464,1.0,0.1085357900562464,12.04,0.66,0.0,2.5629153768099484,0.9701901035502336,0.4952578944131964,CDP,CDP,
DCAC,CDP,1.0,100,300,50,20,0.01,0.15,1e-05,0.1003698193142773,0.96,0.0963550265417062,10.8,0.46,0.04,2.304807651085606,0.976777687468024,0.4498150903428613,CDP,CDP,
DCAC,CP,0.25,0,210,50,20,0.01,0.15,1e-05,0.8398174119327401,0.92,0.772632018978121,101.58,2.06,0.08,17.7963482386548,0.4541186822437189,0.1601825880672599,CP,CP,
DCAC,CP,0.25,20,300,50,20,0.01,0.15,1e-05,0.4602603924370765,0.92,0.4234395610421104,57.92,2.48,0.08,9.560843299329624,0.7191975417361727,0.4497830063024363,CP,CP,
DCAC,CP,0.25,40,300,50,20,0.01,0.15,1e-05,0.1789835688628275,0.96,0.1718242261083144,22.34,1.04,0.04,4.078517384440633,0.912875214688106,0.5864403079551233,CP,CP,
DCAC,CP,0.25,60,300,50,20,0.01,0.15,1e-05,0.1337300962805389,1.0,0.1337300962805389,15.44,0.54,0.0,3.112935521232515,0.9382971950071975,0.5414186898246631,CP,CP,
DCAC,CP,0.25,80,300,50,20,0.01,0.15,1e-05,0.1458784203127179,1.0,0.1458784203127179,16.42,0.58,0.0,3.1006492525031373,0.9459602890527896,0.4745119887151567,CP,CP,
DCAC,CP,0.25,100,300,50,20,0.01,0.15,1e-05,0.1003698193142773,0.96,0.0963550265417062,10.8,0.46,0.04,2.304807651085606,0.976777687468024,0.4498150903428613,CP,CP,
DCAC,CP,0.5,0,180,50,20,0.01,0.15,1e-05,0.8381115062503707,0.96,0.8045870460003558,96.68,2.8,0.04,17.762230125007413,0.455227520937259,0.1618884937496292,CP,CP,
DCAC,CP,0.5,20,300,50,20,0.01,0.15,1e-05,0.5056272435235128,0.96,0.4854021537825723,61.68,1.94,0.04,10.40466672953734,0.6905422917097165,0.4119772970637392,CP,CP,
DCAC,CP,0.5,40,300,50,20,0.01,0.15,1e-05,0.1671150901310627,0.96,0.1604304865258202,21.76,0.9,0.04,3.8743795502542793,0.9203114411641906,0.5949177927635266,CP,CP,
DCAC,CP,0.5,60,300,50,20,0.01,0.15,1e-05,0.1224941942143509,1.0,0.1224941942143509,14.32,0.66,0.0,2.935408268586744,0.9472680286621816,0.5484411286160307,CP,CP,
DCAC,CP,0.5,80,300,50,20,0.01,0.15,1e-05,0.1085357900562464,1.0,0.1085357900562464,12.04,0.66,0.0,2.5629153768099484,0.9701901035502336,0.4952578944131964,CP,CP,
DCAC,CP,0.5,100,300,50,20,0.01,0.15,1e-05,0.1003698193142773,0.96,0.0963550265417062,10.8,0.46,0.04,2.304807651085606,0.976777687468024,0.4498150903428613,CP,CP,
DCAC,CP,1.0,0,210,50,20,0.01,0.15,1e-05,0.8952924553163655,0.94,0.8415749079973835,107.98,1.42,0.06,18.90584910632731,0.4180599040443623,0.1047075446836344,CP,CP,
DCAC,CP,1.0,20,300,50,20,0.01,0.15,1e-05,0.532769085152835,0.94,0.5008029400436649,64.14,2.24,0.06,10.909504983842732,0.6724671702394027,0.3893590957059709,CP,CP,
DCAC,CP,1.0,40,300,50,20,0.01,0.15,1e-05,0.2056542231653072,1.0,0.2056542231653072,24.66,1.14,0.0,4.5372526384432845,0.8962201944607132,0.5673898405962092,CP,CP,
DCAC,CP,1.0,60,300,50,20,0.01,0.15,1e-05,0.1224941942143509,1.0,0.1224941942143509,14.32,0.66,0.0,2.935408268586744,0.9472680286621816,0.5484411286160307,CP,CP,
DCAC,CP,1.0,80,300,50,20,0.01,0.15,1e-05,0.1085357900562464,1.0,0.1085357900562464,12.04,0.66,0.0,2.5629153768099484,0.9701901035502336,0.4952578944131964,CP,CP,
DCAC,CP,1.0,100,300,50,20,0.01,0.15,1e-05,0.1003698193142773,0.96,0.0963550265417062,10.8,0.46,0.04,2.304807651085606,0.976777687468024,0.4498150903428613,CP,CP,
DCAC,DRAD,0.25,0,210,50,20,0.01,0.15,1e-05,0.8398174119327401,0.92,0.772632018978121,101.58,2.06,0.08,17.7963482386548,0.4541186822437189,0.1601825880672599,DRAD_SCORE,DRAD_SCORE,
DCAC,DRAD,0.25,20,300,50,20,0.01,0.15,1e-05,0.445841027015083,0.88,0.392340103773273,56.82,2.58,0.12,9.292643102480543,0.7278033324401961,0.4617991441540974,DRAD_SCORE,DRAD_SCORE,
DCAC,DRAD,0.25,40,300,50,20,0.01,0.15,1e-05,0.2964432392134225,1.0,0.2964432392134225,34.68,1.62,0.0,6.098823714470867,0.8460626515871336,0.5025405434189839,DRAD_SCORE,DRAD_SCORE,
DCAC,DRAD,0.25,60,270,50,20,0.01,0.15,1e-05,0.2202551443173238,0.94,0.2070398356582843,26.44,1.36,0.06,4.480031280213717,0.9032634771628636,0.4873405348016726,DRAD_SCORE,DRAD_SCORE,
DCAC,DRAD,0.25,80,300,50,20,0.01,0.15,1e-05,0.1546820895107982,1.0,0.1546820895107982,16.5,0.78,0.0,3.227422088955495,0.9510379593178784,0.4696210613828898,DRAD_SCORE,DRAD_SCORE,
DCAC,DRAD,0.25,100,300,50,20,0.01,0.15,1e-05,0.0988842475147404,0.92,0.0909735077135611,10.66,0.56,0.08,2.2854952176916252,0.9809437247644988,0.4505578762426298,DRAD_SCORE,DRAD_SCORE,
DCAC,DRAD,0.5,0,180,50,20,0.01,0.15,1e-05,0.8381115062503707,0.96,0.8045870460003558,96.68,2.8,0.04,17.762230125007413,0.455227520937259,0.1618884937496292,DRAD_SCORE,DRAD_SCORE,
DCAC,DRAD,0.5,20,300,50,20,0.01,0.15,1e-05,0.4123029288178875,0.94,0.3875647530888143,49.86,2.4,0.06,8.668834476012707,0.750803096268373,0.489747559318427,DRAD_SCORE,DRAD_SCORE,
DCAC,DRAD,0.5,40,300,50,20,0.01,0.15,1e-05,0.2857891094813982,1.0,0.2857891094813982,33.7,1.84,0.0,5.9155726830800495,0.8532586804078242,0.5101506360847157,DRAD_SCORE,DRAD_SCORE,
DCAC,DRAD,0.5,60,300,50,20,0.01,0.15,1e-05,0.2019505153760455,0.98,0.1979115050685246,24.4,0.82,0.02,4.19081814294152,0.9139698400923112,0.4987809278899715,DRAD_SCORE,DRAD_SCORE,
DCAC,DRAD,0.5,80,300,50,20,0.01,0.15,1e-05,0.1609306209208992,0.98,0.1577120085024812,18.26,1.04,0.02,3.3174009412609498,0.9492319054122051,0.4661496550439449,DRAD_SCORE,DRAD_SCORE,
DCAC,DRAD,0.5,100,300,50,20,0.01,0.15,1e-05,0.0881037943097524,0.94,0.0828175666511673,9.6,0.52,0.06,2.1453493260267815,0.9850034402516062,0.4559481028451237,DRAD_SCORE,DRAD_SCORE,
DCAC,DRAD,1.0,0,210,50,20,0.01,0.15,1e-05,0.8952924553163655,0.94,0.8415749079973835,107.98,1.42,0.06,18.90584910632731,0.4180599040443623,0.1047075446836344,DRAD_SCORE,DRAD_SCORE,
DCAC,DRAD,1.0,20,300,50,20,0.01,0.15,1e-05,0.4932328610529432,0.94,0.4636388893897665,59.36,2.38,0.06,10.174131215584744,0.6981986403155871,0.4223059491225474,DRAD_SCORE,DRAD_SCORE,
DCAC,DRAD,1.0,40,300,50,20,0.01,0.15,1e-05,0.3116916374550484,0.98,0.3054578047059474,37.88,1.46,0.02,6.361096164226832,0.8347952075690176,0.4916488303892511,DRAD_SCORE,DRAD_SCORE,
DCAC,DRAD,1.0,60,300,50,20,0.01,0.15,1e-05,0.1882423434092467,0.98,0.1844774965410617,22.68,0.7,0.02,3.974229025866098,0.9241211059928136,0.5073485353692208,DRAD_SCORE,DRAD_SCORE,
DCAC,DRAD,1.0,80,270,50,20,0.01,0.15,1e-05,0.1558307056461843,0.98,0.1527140915332606,17.56,0.8,0.02,3.243962161305055,0.9547094684881504,0.4689829413076753,DRAD_SCORE,DRAD_SCORE,
DCAC,DRAD,1.0,100,300,50,20,0.01,0.15,1e-05,0.101324372571205,0.92,0.0932184227655087,10.96,0.56,0.08,2.3172168434256664,0.9825480768329492,0.4493378137143975,DRAD_SCORE,DRAD_SCORE,
DCAC,DRAD-CF-MPC,0.25,0,210,50,20,0.01,0.15,1e-05,0.8398174119327401,0.92,0.772632018978121,101.58,2.06,0.08,17.7963482386548,0.4541186822437189,0.1601825880672599,NP,NP,zero_budget
DCAC,DRAD-CF-MPC,0.25,20,300,50,20,0.01,0.15,1e-05,0.4503652163432072,0.94,0.4233433033626148,54.82,2.1,0.06,9.376793023983655,0.7258455326576125,0.4580289863806606,CDP,CDP,switched_with_counterfactual_gain
DCAC,DRAD-CF-MPC,0.25,40,300,50,20,0.01,0.15,1e-05,0.1617559980246679,0.96,0.1552857581036812,20.58,1.2,0.04,3.782203166024288,0.9238488084454012,0.5987457156966659,CDP,CDP_PHYSICS_95,switched_with_counterfactual_gain
DCAC,DRAD-CF-MPC,0.25,60,300,50,20,0.01,0.15,1e-05,0.1195035026907604,1.0,0.1195035026907604,14.28,0.46,0.0,2.8881553425140156,0.9473516471379057,0.5503103108182748,CDP_PHYSICS_90,CDP_PHYSICS_90,switched_with_counterfactual_gain
DCAC,DRAD-CF-MPC,0.25,80,300,50,20,0.01,0.15,1e-05,0.1362745540291928,1.0,0.1362745540291928,15.42,0.76,0.0,2.962353578020377,0.9543685245730448,0.4798474699837817,RANK_ENSEMBLE,HYBRID,switched_with_counterfactual_gain
DCAC,DRAD-CF-MPC,0.25,100,300,50,20,0.01,0.15,1e-05,0.0940342708769548,0.98,0.0921535854594158,10.86,0.5,0.02,2.2224455214004135,0.9809410375219988,0.4529828645615226,CDP,CDP_PHYSICS_95,switched_with_counterfactual_gain
DCAC,DRAD-CF-MPC,0.5,0,180,50,20,0.01,0.15,1e-05,0.8381115062503707,0.96,0.8045870460003558,96.68,2.8,0.04,17.762230125007413,0.455227520937259,0.1618884937496292,NP,NP,zero_budget
DCAC,DRAD-CF-MPC,0.5,20,300,50,20,0.01,0.15,1e-05,0.4770068483296243,0.92,0.4388463004632544,59.8,1.78,0.08,9.872327378931017,0.7083455485857442,0.4358276263919796,CDP,CDP,switched_with_counterfactual_gain
DCAC,DRAD-CF-MPC,0.5,40,300,50,20,0.01,0.15,1e-05,0.1623586428427497,0.96,0.1558642971290397,21.62,0.94,0.04,3.7925686568952943,0.9234008017359684,0.5983152551123216,CDP,CDP_PHYSICS_95,switched_with_counterfactual_gain
DCAC,DRAD-CF-MPC,0.5,60,300,50,20,0.01,0.15,1e-05,0.1090585254396799,1.0,0.1090585254396799,13.28,0.52,0.0,2.723124701946943,0.9557978705039808,0.5568384216002,CDP_PDP_90,CDP_PDP_90,switched_with_counterfactual_gain
DCAC,DRAD-CF-MPC,0.5,80,300,50,20,0.01,0.15,1e-05,0.0961807665194553,1.0,0.0961807665194553,10.74,0.64,0.0,2.385003037880157,0.9741281695520896,0.5021217963780803,CDP,RANK_ENSEMBLE,switched_with_counterfactual_gain
DCAC,DRAD-CF-MPC,0.5,100,300,50,20,0.01,0.15,1e-05,0.0932845550763646,0.94,0.0876874817717827,10.86,0.52,0.06,2.2126992159927403,0.981742079648798,0.4533577224618177,RANK_ENSEMBLE,RANK_ENSEMBLE,switched_with_counterfactual_gain
DCAC,DRAD-CF-MPC,1.0,0,210,50,20,0.01,0.15,1e-05,0.8952924553163655,0.94,0.8415749079973835,107.98,1.42,0.06,18.90584910632731,0.4180599040443623,0.1047075446836344,NP,NP,zero_budget
DCAC,DRAD-CF-MPC,1.0,20,300,50,20,0.01,0.15,1e-05,0.5182074460320226,0.94,0.4871149992701012,62.78,2.4,0.06,10.63865849619562,0.6819322356679308,0.4014937949733146,CDP,CDP,cdp_best
DCAC,DRAD-CF-MPC,1.0,40,300,50,20,0.01,0.15,1e-05,0.2290033358510298,0.98,0.2244232691340092,28.34,0.96,0.02,4.938857376637714,0.881569143038913,0.5507119029635502,CDP,HYBRID,switched_with_counterfactual_gain
DCAC,DRAD-CF-MPC,1.0,60,300,50,20,0.01,0.15,1e-05,0.1165641568108621,1.0,0.1165641568108621,13.88,0.62,0.0,2.8417136776116223,0.9514029244118036,0.5521474019932111,CDP_PDP_90,CDP_PDP_90,switched_with_counterfactual_gain
DCAC,DRAD-CF-MPC,1.0,80,300,50,20,0.01,0.15,1e-05,0.1103894646636104,1.0,0.1103894646636104,12.28,0.7,0.0,2.5896082911559897,0.9677147711340898,0.4942280751868831,RANK_ENSEMBLE,RANK_ENSEMBLE,switched_with_counterfactual_gain
DCAC,DRAD-CF-MPC,1.0,100,300,50,20,0.01,0.15,1e-05,0.0809261956015125,0.96,0.077689147777452,9.5,0.48,0.04,2.052040542819663,0.9875652054122648,0.4595369021992437,RANK_ENSEMBLE,RANK_ENSEMBLE,switched_with_counterfactual_gain
DCAC,NP,0.25,0,210,50,20,0.01,0.15,1e-05,0.8398174119327401,0.92,0.772632018978121,101.58,2.06,0.08,17.7963482386548,0.4541186822437189,0.1601825880672599,NP,NP,
DCAC,NP,0.5,0,180,50,20,0.01,0.15,1e-05,0.8381115062503707,0.96,0.8045870460003558,96.68,2.8,0.04,17.762230125007413,0.455227520937259,0.1618884937496292,NP,NP,
DCAC,NP,1.0,0,210,50,20,0.01,0.15,1e-05,0.8952924553163655,0.94,0.8415749079973835,107.98,1.42,0.06,18.90584910632731,0.4180599040443623,0.1047075446836344,NP,NP,
DCAC,PDP,0.25,0,210,50,20,0.01,0.15,1e-05,0.8398174119327401,0.92,0.772632018978121,101.58,2.06,0.08,17.7963482386548,0.4541186822437189,0.1601825880672599,PDP,PDP,
DCAC,PDP,0.25,20,270,50,20,0.01,0.15,1e-05,0.7185344384022112,0.92,0.6610516833300344,90.22,1.44,0.08,14.364740554281124,0.5513526150385628,0.2345546346648241,PDP,PDP,
DCAC,PDP,0.25,40,300,50,20,0.01,0.15,1e-05,0.4742020992975593,0.9,0.4267818893678033,63.26,1.9,0.1,9.15627610791802,0.7276865121444233,0.375569929073172,PDP,PDP,
DCAC,PDP,0.25,60,300,50,20,0.01,0.15,1e-05,0.4079881734792259,0.9,0.3671893561313033,55.32,1.9,0.1,7.446213140971768,0.7883690443905083,0.3700073915754839,PDP,PDP,
DCAC,PDP,0.25,80,300,50,20,0.01,0.15,1e-05,0.3880429461401384,0.92,0.3569995104489273,47.34,1.48,0.08,6.5878184244179945,0.8173696277904893,0.3399761410332564,PDP,PDP,
DCAC,PDP,0.25,100,300,50,20,0.01,0.15,1e-05,0.3607756540721855,0.94,0.3391291148278543,40.62,1.2,0.06,5.690083502938412,0.8594336000031155,0.3196121729639072,PDP,PDP,
DCAC,PDP,0.5,0,180,50,20,0.01,0.15,1e-05,0.8381115062503707,0.96,0.8045870460003558,96.68,2.8,0.04,17.762230125007413,0.455227520937259,0.1618884937496292,PDP,PDP,
DCAC,PDP,0.5,20,210,50,20,0.01,0.15,1e-05,0.6870843810280414,0.96,0.6596010057869197,85.48,2.22,0.04,13.779769487121571,0.572595152331773,0.2607630158099654,PDP,PDP,
DCAC,PDP,0.5,40,240,50,20,0.01,0.15,1e-05,0.4915594478707255,0.98,0.4817282589133109,60.44,2.42,0.02,9.45482250337648,0.7196423558525085,0.3631718229494817,PDP,PDP,
DCAC,PDP,0.5,60,300,50,20,0.01,0.15,1e-05,0.4624000834069988,0.88,0.4069120733981589,63.58,1.68,0.12,8.305921317830583,0.7522399457854507,0.3359999478706257,PDP,PDP,
DCAC,PDP,0.5,80,270,50,20,0.01,0.15,1e-05,0.407406510746103,0.96,0.3911102503162589,48.7,1.5,0.04,6.866653754743884,0.8113874725919313,0.3292186051410538,PDP,PDP,
DCAC,PDP,0.5,100,300,50,20,0.01,0.15,1e-05,0.3607756540721855,0.94,0.3391291148278543,40.62,1.2,0.06,5.690083502938412,0.8594336000031155,0.3196121729639072,PDP,PDP,
DCAC,PDP,1.0,0,210,50,20,0.01,0.15,1e-05,0.8952924553163655,0.94,0.8415749079973835,107.98,1.42,0.06,18.90584910632731,0.4180599040443623,0.1047075446836344,PDP,PDP,
DCAC,PDP,1.0,20,210,50,20,0.01,0.15,1e-05,0.7170726818469179,0.96,0.6883897745730411,89.4,2.12,0.04,14.337551882352676,0.5531027567995034,0.2357727651275684,PDP,PDP,
DCAC,PDP,1.0,40,240,50,20,0.01,0.15,1e-05,0.5141685351005858,0.96,0.4936017936965624,63.6,2.38,0.04,9.843698803730076,0.7041904521846191,0.347022474928153,PDP,PDP,
DCAC,PDP,1.0,60,300,50,20,0.01,0.15,1e-05,0.4624000834069988,0.88,0.4069120733981589,63.58,1.68,0.12,8.305921317830583,0.7522399457854507,0.3359999478706257,PDP,PDP,
DCAC,PDP,1.0,80,270,50,20,0.01,0.15,1e-05,0.407406510746103,0.96,0.3911102503162589,48.7,1.5,0.04,6.866653754743884,0.8113874725919313,0.3292186051410538,PDP,PDP,
DCAC,PDP,1.0,100,300,50,20,0.01,0.15,1e-05,0.3607756540721855,0.94,0.3391291148278543,40.62,1.2,0.06,5.690083502938412,0.8594336000031155,0.3196121729639072,PDP,PDP,
DCAC,RP,0.25,0,210,50,20,0.01,0.15,1e-05,0.8398174119327401,0.92,0.772632018978121,101.58,2.06,0.08,17.7963482386548,0.4541186822437189,0.1601825880672599,RP,RP,
DCAC,RP,0.25,20,210,50,20,0.01,0.15,1e-05,0.7483352172817791,0.96,0.718401808590508,85.64,2.0,0.04,14.919035041441097,0.5327821087668435,0.209720652265184,RP,RP,
DCAC,RP,0.25,40,300,50,20,0.01,0.15,1e-05,0.7672876803837074,0.94,0.7212504195606849,88.82,1.32,0.06,14.197348102599769,0.5388630077505902,0.1662230854402089,RP,RP,
DCAC,RP,0.25,60,300,50,20,0.01,0.15,1e-05,0.6296439694927852,0.9,0.5666795725435068,74.26,1.62,0.1,10.948374717986008,0.6447314198296895,0.2314725190670092,RP,RP,
DCAC,RP,0.25,80,300,50,20,0.01,0.15,1e-05,0.5120742589394577,0.94,0.4813498034030902,54.92,1.26,0.06,8.373869328728192,0.7389845475076454,0.2710698561447457,RP,RP,
DCAC,RP,0.25,100,300,50,20,0.01,0.15,1e-05,0.2946626190037283,0.92,0.2710896094834301,31.26,0.82,0.08,4.830614047048469,0.8898042077625077,0.3526686904981359,RP,RP,
DCAC,RP,0.5,0,180,50,20,0.01,0.15,1e-05,0.8381115062503707,0.96,0.8045870460003558,96.68,2.8,0.04,17.762230125007413,0.455227520937259,0.1618884937496292,RP,RP,
DCAC,RP,0.5,20,210,50,20,0.01,0.15,1e-05,0.7863978009855253,0.94,0.7392139329263937,91.62,1.68,0.06,15.626999098330776,0.5076414293594086,0.1780018325120622,RP,RP,
DCAC,RP,0.5,40,300,50,20,0.01,0.15,1e-05,0.7612263420672295,0.9,0.6851037078605066,92.74,1.08,0.1,14.09309308355635,0.5412028776563008,0.1705526128091218,RP,RP,
DCAC,RP,0.5,60,270,50,20,0.01,0.15,1e-05,0.6215502492509152,0.96,0.5966882392808786,67.74,1.1,0.04,10.82049393816446,0.6532211378247434,0.236531094218178,RP,RP,
DCAC,RP,0.5,80,300,50,20,0.01,0.15,1e-05,0.5614788498480404,0.98,0.5502492728510796,59.64,1.28,0.02,9.085295437811782,0.7122394674577954,0.243622861195533,RP,RP,
DCAC,RP,0.5,100,300,50,20,0.01,0.15,1e-05,0.2946626190037283,0.92,0.2710896094834301,31.26,0.82,0.08,4.830614047048469,0.8898042077625077,0.3526686904981359,RP,RP,
DCAC,RP,1.0,0,210,50,20,0.01,0.15,1e-05,0.8952924553163655,0.94,0.8415749079973835,107.98,1.42,0.06,18.90584910632731,0.4180599040443623,0.1047075446836344,RP,RP,
DCAC,RP,1.0,20,210,50,20,0.01,0.15,1e-05,0.7778089526250465,0.92,0.7155842364150428,91.36,1.68,0.08,15.467246518825869,0.5128241807937198,0.1851592061457946,RP,RP,
DCAC,RP,1.0,40,300,50,20,0.01,0.15,1e-05,0.7461090241684627,0.88,0.6565759412682471,92.08,1.1,0.12,13.83307521569756,0.5502291342904991,0.1813506970225266,RP,RP,
DCAC,RP,1.0,60,270,50,20,0.01,0.15,1e-05,0.6215502492509152,0.96,0.5966882392808786,67.74,1.1,0.04,10.82049393816446,0.6532211378247434,0.236531094218178,RP,RP,
DCAC,RP,1.0,80,300,50,20,0.01,0.15,1e-05,0.5614788498480404,0.98,0.5502492728510796,59.64,1.28,0.02,9.085295437811782,0.7122394674577954,0.243622861195533,RP,RP,
DCAC,RP,1.0,100,300,50,20,0.01,0.15,1e-05,0.2946626190037283,0.92,0.2710896094834301,31.26,0.82,0.08,4.830614047048469,0.8898042077625077,0.3526686904981359,RP,RP,
DCDC,CDP,0.25,0,270,50,20,0.01,0.15,1e-05,0.8441589075503948,0.88,0.7428598386443475,112.7,0.58,0.12,17.883178151007897,0.4512967100922433,0.155841092449605,CDP,CDP,
DCDC,CDP,0.25,20,300,50,20,0.01,0.15,1e-05,0.4413087530512441,0.92,0.4060040528071446,57.92,2.48,0.08,9.208342806753144,0.7314673936806382,0.4655760391239633,CDP,CDP,
DCDC,CDP,0.25,40,300,50,20,0.01,0.15,1e-05,0.1825255221626102,0.96,0.1752245012761058,22.34,1.04,0.04,4.139438981196896,0.9106316158926052,0.5839103413124214,CDP,CDP,
DCDC,CDP,0.25,60,300,50,20,0.01,0.15,1e-05,0.1411641830859334,1.0,0.1411641830859334,15.44,0.54,0.0,3.2303940927577472,0.9358391553220516,0.5367723855712916,CDP,CDP,
DCDC,CDP,0.25,80,300,50,20,0.01,0.15,1e-05,0.1536348149899857,1.0,0.1536348149899857,16.42,0.58,0.0,3.2123413358557946,0.9430509961254018,0.4702028805611189,CDP,CDP,
DCDC,CDP,0.25,100,300,50,20,0.01,0.15,1e-05,0.0982456139042411,0.96,0.0943157893480714,10.8,0.46,0.04,2.2771929807551348,0.9814680808126124,0.4508771930478794,CDP,CDP,
DCDC,CDP,0.5,0,210,50,20,0.01,0.15,1e-05,0.8207214566662357,0.92,0.7550637401329369,106.32,2.0,0.08,17.414429133324713,0.4665310531669467,0.1792785433337643,CDP,CDP,
DCDC,CDP,0.5,20,300,50,20,0.01,0.15,1e-05,0.4982573709912554,0.96,0.4783270761516052,61.68,1.94,0.04,10.26758710043735,0.6953327088556839,0.4181188575072873,CDP,CDP,
DCDC,CDP,0.5,40,300,50,20,0.01,0.15,1e-05,0.1647248140865645,0.96,0.1581358215231019,21.76,0.9,0.04,3.8332668022889105,0.9227795833987148,0.5966251327953112,CDP,CDP,
DCDC,CDP,0.5,60,300,50,20,0.01,0.15,1e-05,0.1311915279300625,1.0,0.1311915279300625,14.32,0.66,0.0,3.0728261412949887,0.9437936880730942,0.5430052950437109,CDP,CDP,
DCDC,CDP,0.5,80,300,50,20,0.01,0.15,1e-05,0.1127334764582999,1.0,0.1127334764582999,12.04,0.66,0.0,2.6233620609995194,0.9701296057146362,0.4929258464120555,CDP,CDP,
DCDC,CDP,0.5,100,300,50,20,0.01,0.15,1e-05,0.0982456139042411,0.96,0.0943157893480714,10.8,0.46,0.04,2.2771929807551348,0.9814680808126124,0.4508771930478794,CDP,CDP,
DCDC,CDP,1.0,0,210,50,20,0.01,0.15,1e-05,0.8476941342239211,0.94,0.7968324861704859,107.98,1.42,0.06,17.953882684478426,0.4489988127544512,0.1523058657760787,CDP,CDP,
DCDC,CDP,1.0,20,300,50,20,0.01,0.15,1e-05,0.5104644194132633,0.94,0.4798365542484674,64.14,2.24,0.06,10.494638201086696,0.6869162105453257,0.4079463171556139,CDP,CDP,
DCDC,CDP,1.0,40,300,50,20,0.01,0.15,1e-05,0.2104682773050964,1.0,0.2104682773050964,24.66,1.14,0.0,4.620054369647658,0.8932222707840519,0.5639512304963596,CDP,CDP,
DCDC,CDP,1.0,60,300,50,20,0.01,0.15,1e-05,0.1311915279300625,1.0,0.1311915279300625,14.32,0.66,0.0,3.0728261412949887,0.9437936880730942,0.5430052950437109,CDP,CDP,
DCDC,CDP,1.0,80,300,50,20,0.01,0.15,1e-05,0.1127334764582999,1.0,0.1127334764582999,12.04,0.66,0.0,2.6233620609995194,0.9701296057146362,0.4929258464120555,CDP,CDP,
DCDC,CDP,1.0,100,300,50,20,0.01,0.15,1e-05,0.0982456139042411,0.96,0.0943157893480714,10.8,0.46,0.04,2.2771929807551348,0.9814680808126124,0.4508771930478794,CDP,CDP,
DCDC,CP,0.25,0,270,50,20,0.01,0.15,1e-05,0.8441589075503948,0.88,0.7428598386443475,112.7,0.58,0.12,17.883178151007897,0.4512967100922433,0.155841092449605,CP,CP,
DCDC,CP,0.25,20,300,50,20,0.01,0.15,1e-05,0.7056806395755895,0.86,0.6068853500350069,103.78,0.74,0.14,14.125659896105969,0.5585075842758668,0.2452661336870087,CP,CP,
DCDC,CP,0.25,40,210,50,20,0.01,0.15,1e-05,0.5304879138035923,0.94,0.4986586389753767,82.98,1.66,0.06,10.124392117421786,0.6927828560276652,0.335365775854577,CP,CP,
DCDC,CP,0.25,60,300,50,20,0.01,0.15,1e-05,0.601142932768487,0.92,0.553051498147008,88.44,0.74,0.08,10.498058337742092,0.6644432281770726,0.2492856670196957,CP,CP,
DCDC,CP,0.25,80,300,50,20,0.01,0.15,1e-05,0.5287158896837986,0.92,0.4864186185090947,76.56,1.28,0.08,8.6135088114467,0.7299346717055308,0.261824505731223,CP,CP,
DCDC,CP,0.25,100,270,50,20,0.01,0.15,1e-05,0.421609482182685,0.94,0.3963129132517239,60.38,1.22,0.06,6.480923268374905,0.8199538365812548,0.2891952589086575,CP,CP,
DCDC,CP,0.5,0,210,50,20,0.01,0.15,1e-05,0.8207214566662357,0.92,0.7550637401329369,106.32,2.0,0.08,17.414429133324713,0.4665310531669467,0.1792785433337643,CP,CP,
DCDC,CP,0.5,20,300,50,20,0.01,0.15,1e-05,0.7479879965865902,0.9,0.6731891969279312,106.94,0.44,0.1,14.91257673651058,0.5318078022187163,0.2100100028445081,CP,CP,
DCDC,CP,0.5,40,180,50,20,0.01,0.15,1e-05,0.51142906182795,0.98,0.501200480591391,78.58,2.04,0.02,9.79657986344074,0.7067711098118324,0.3489792415514644,CP,CP,
DCDC,CP,0.5,60,300,50,20,0.01,0.15,1e-05,0.6109610857764557,0.92,0.5620841989143393,90.06,0.7,0.08,10.653185155268,0.6580752942453039,0.2431493213897151,CP,CP,
DCDC,CP,0.5,80,300,50,20,0.01,0.15,1e-05,0.5341379974569187,0.92,0.4914069576603652,78.06,1.34,0.08,8.69158716337963,0.7264103016530027,0.2588122236350452,CP,CP,
DCDC,CP,0.5,100,270,50,20,0.01,0.15,1e-05,0.421609482182685,0.94,0.3963129132517239,60.38,1.22,0.06,6.480923268374905,0.8199538365812548,0.2891952589086575,CP,CP,
DCDC,CP,1.0,0,210,50,20,0.01,0.15,1e-05,0.8476941342239211,0.94,0.7968324861704859,107.98,1.42,0.06,17.953882684478426,0.4489988127544512,0.1523058657760787,CP,CP,
DCDC,CP,1.0,20,210,50,20,0.01,0.15,1e-05,0.6955207239641872,0.96,0.6676998950056197,98.16,1.26,0.04,13.936685465733886,0.5671115294232784,0.2537327300298439,CP,CP,
DCDC,CP,1.0,40,300,50,20,0.01,0.15,1e-05,0.6075107469921874,0.84,0.5103090274734374,96.88,0.74,0.16,11.449184848265624,0.6387180144550781,0.2803494664341517,CP,CP,
DCDC,CP,1.0,60,300,50,20,0.01,0.15,1e-05,0.6109610857764557,0.92,0.5620841989143393,90.06,0.7,0.08,10.653185155268,0.6580752942453039,0.2431493213897151,CP,CP,
DCDC,CP,1.0,80,300,50,20,0.01,0.15,1e-05,0.5341379974569187,0.92,0.4914069576603652,78.06,1.34,0.08,8.69158716337963,0.7264103016530027,0.2588122236350452,CP,CP,
DCDC,CP,1.0,100,270,50,20,0.01,0.15,1e-05,0.421609482182685,0.94,0.3963129132517239,60.38,1.22,0.06,6.480923268374905,0.8199538365812548,0.2891952589086575,CP,CP,
DCDC,DRAD,0.25,0,270,50,20,0.01,0.15,1e-05,0.8441589075503948,0.88,0.7428598386443475,112.7,0.58,0.12,17.883178151007897,0.4512967100922433,0.155841092449605,DRAD_SCORE,DRAD_SCORE,
DCDC,DRAD,0.25,20,300,50,20,0.01,0.15,1e-05,0.5262889895799615,0.88,0.4631343108303661,79.86,1.74,0.12,10.788975206187285,0.6755121567730249,0.3947591753500321,DRAD_SCORE,DRAD_SCORE,
DCDC,DRAD,0.25,40,300,50,20,0.01,0.15,1e-05,0.3684546753477908,0.94,0.3463473948269233,54.4,2.06,0.06,7.337420415982001,0.7977992874008736,0.4511038033230066,DRAD_SCORE,DRAD_SCORE,
DCDC,DRAD,0.25,60,300,50,20,0.01,0.15,1e-05,0.2542112418441828,0.98,0.2491270170072991,36.58,1.52,0.02,5.016537621138089,0.8892504226744736,0.4661179738473857,DRAD_SCORE,DRAD_SCORE,
DCDC,DRAD,0.25,80,300,50,20,0.01,0.15,1e-05,0.1800326461212521,0.98,0.1764319931988271,25.98,1.16,0.02,3.5924701041460314,0.944642816651412,0.4555374188215265,DRAD_SCORE,DRAD_SCORE,
DCDC,DRAD,0.25,100,300,50,20,0.01,0.15,1e-05,0.1132162092541875,0.98,0.1109518850691037,16.02,0.54,0.02,2.471810720304438,0.979919488651063,0.4433918953729062,DRAD_SCORE,DRAD_SCORE,
DCDC,DRAD,0.5,0,210,50,20,0.01,0.15,1e-05,0.8207214566662357,0.92,0.7550637401329369,106.32,2.0,0.08,17.414429133324713,0.4665310531669467,0.1792785433337643,DRAD_SCORE,DRAD_SCORE,
DCDC,DRAD,0.5,20,300,50,20,0.01,0.15,1e-05,0.565240564544458,0.92,0.5200213193809015,80.96,2.36,0.08,11.51347450052692,0.6509936330461024,0.362299529546285,DRAD_SCORE,DRAD_SCORE,
DCDC,DRAD,0.5,40,300,50,20,0.01,0.15,1e-05,0.4116462300857329,0.94,0.3869474562805889,60.32,2.16,0.06,8.080315157474605,0.7700299504442737,0.4202526927959051,DRAD_SCORE,DRAD_SCORE,
DCDC,DRAD,0.5,60,300,50,20,0.01,0.15,1e-05,0.2494296008502558,1.0,0.2494296008502558,34.26,1.5,0.0,4.940987693434043,0.8939683372434692,0.46910649946859,DRAD_SCORE,DRAD_SCORE,
DCDC,DRAD,0.5,80,300,50,20,0.01,0.15,1e-05,0.1738003358616598,0.98,0.1703243291444266,24.44,1.28,0.02,3.5027248364079018,0.9487099904147483,0.4589998134101889,DRAD_SCORE,DRAD_SCORE,
DCDC,DRAD,0.5,100,300,50,20,0.01,0.15,1e-05,0.1126795117836365,0.96,0.108172331312291,16.5,0.52,0.04,2.4648336531872745,0.9792984610036471,0.4436602441081817,DRAD_SCORE,DRAD_SCORE,
DCDC,DRAD,1.0,0,210,50,20,0.01,0.15,1e-05,0.8476941342239211,0.94,0.7968324861704859,107.98,1.42,0.06,17.953882684478426,0.4489988127544512,0.1523058657760787,DRAD_SCORE,DRAD_SCORE,
DCDC,DRAD,1.0,20,300,50,20,0.01,0.15,1e-05,0.5591637299638884,0.92,0.5144306315667774,78.74,1.9,0.08,11.400445377328325,0.6549435755234725,0.3673635583634262,DRAD_SCORE,DRAD_SCORE,
DCDC,DRAD,1.0,40,300,50,20,0.01,0.15,1e-05,0.3910354463832551,0.92,0.3597526106725947,57.78,1.76,0.08,7.725809677791987,0.7826269598508842,0.4349746811548178,DRAD_SCORE,DRAD_SCORE,
DCDC,DRAD,1.0,60,300,50,20,0.01,0.15,1e-05,0.2413351947918883,1.0,0.2413351947918883,33.6,1.4,0.0,4.813096077711836,0.9006000378338257,0.4741655032550697,DRAD_SCORE,DRAD_SCORE,
DCDC,DRAD,1.0,80,300,50,20,0.01,0.15,1e-05,0.1680524704630236,0.98,0.1646914210537632,23.68,1.02,0.02,3.4199555746675405,0.950213907699723,0.4621930719649868,DRAD_SCORE,DRAD_SCORE,
DCDC,DRAD,1.0,100,300,50,20,0.01,0.15,1e-05,0.1096714825075748,0.96,0.1052846232072718,15.92,0.5,0.04,2.4257292725984736,0.979128660161738,0.4451642587462125,DRAD_SCORE,DRAD_SCORE,
DCDC,DRAD-CF-MPC,0.25,0,270,50,20,0.01,0.15,1e-05,0.8441589075503948,0.88,0.7428598386443475,112.7,0.58,0.12,17.883178151007897,0.4512967100922433,0.155841092449605,NP,NP,zero_budget
DCDC,DRAD-CF-MPC,0.25,20,300,50,20,0.01,0.15,1e-05,0.4548112832043917,0.9,0.4093301548839526,60.36,2.22,0.1,9.459489867601688,0.7223376900083364,0.4543239306630069,CDP,CDP,switched_with_counterfactual_gain
DCDC,DRAD-CF-MPC,0.25,40,300,50,20,0.01,0.15,1e-05,0.1981859708579583,0.96,0.19025853202364,24.54,1.1,0.04,4.4087986987568835,0.9010825808092316,0.5727243065300298,CDP,CDP_PHYSICS_95,switched_with_counterfactual_gain
DCDC,DRAD-CF-MPC,0.25,60,300,50,20,0.01,0.15,1e-05,0.1217166734923371,1.0,0.1217166734923371,13.82,0.52,0.0,2.9231234411789275,0.9500862227121974,0.5489270790672892,CDP,CDP_PDP_90,switched_with_counterfactual_gain
DCDC,DRAD-CF-MPC,0.25,80,300,50,20,0.01,0.15,1e-05,0.1442349332397819,1.0,0.1442349332397819,16.82,0.82,0.0,3.076983038652859,0.9470614209572632,0.47542503708901,CDP_PDP_90,CDP_PDP_90,switched_with_counterfactual_gain
DCDC,DRAD-CF-MPC,0.25,100,300,50,20,0.01,0.15,1e-05,0.0905611640685975,0.96,0.0869387175058536,12.1,0.7,0.04,2.177295132891768,0.9869434865417562,0.4547194179657012,RANK_ENSEMBLE,RANK_ENSEMBLE,switched_with_counterfactual_gain
DCDC,DRAD-CF-MPC,0.5,0,210,50,20,0.01,0.15,1e-05,0.8207214566662357,0.92,0.7550637401329369,106.32,2.0,0.08,17.414429133324713,0.4665310531669467,0.1792785433337643,NP,NP,zero_budget
DCDC,DRAD-CF-MPC,0.5,20,300,50,20,0.01,0.15,1e-05,0.4843045740120988,0.96,0.4649323910516148,60.4,2.1,0.04,10.008065076625035,0.7044020268921358,0.4297461883232511,CDP,CDP,switched_with_counterfactual_gain
DCDC,DRAD-CF-MPC,0.5,40,300,50,20,0.01,0.15,1e-05,0.1721698479156792,0.94,0.1618396570407385,24.36,0.94,0.06,3.961321384149685,0.9173648125572054,0.5913072514888005,CDP,CDP_PHYSICS_95,switched_with_counterfactual_gain
DCDC,DRAD-CF-MPC,0.5,60,300,50,20,0.01,0.15,1e-05,0.1071230780001356,1.0,0.1071230780001356,11.96,0.54,0.0,2.6925446324021425,0.959466987489001,0.5580480762499151,CDP,CDP_PHYSICS_90,switched_with_counterfactual_gain
DCDC,DRAD-CF-MPC,0.5,80,300,50,20,0.01,0.15,1e-05,0.1222748788133909,1.0,0.1222748788133909,15.26,0.98,0.0,2.760758254912829,0.9646663588579636,0.487625067325894,RANK_ENSEMBLE,RANK_ENSEMBLE,switched_with_counterfactual_gain
DCDC,DRAD-CF-MPC,0.5,100,300,50,20,0.01,0.15,1e-05,0.0822081692061015,0.96,0.0789198424378574,11.22,0.66,0.04,2.0687061996793195,0.9914087175077898,0.4588959153969492,RANK_ENSEMBLE,RANK_ENSEMBLE,switched_with_counterfactual_gain
DCDC,DRAD-CF-MPC,1.0,0,210,50,20,0.01,0.15,1e-05,0.8476941342239211,0.94,0.7968324861704859,107.98,1.42,0.06,17.953882684478426,0.4489988127544512,0.1523058657760787,NP,NP,zero_budget
DCDC,DRAD-CF-MPC,1.0,20,300,50,20,0.01,0.15,1e-05,0.497283204102969,0.94,0.4674462118567908,63.7,2.2,0.06,10.249467596315226,0.695484000497017,0.4189306632475258,CDP,CDP,switched_with_counterfactual_gain
DCDC,DRAD-CF-MPC,1.0,40,300,50,20,0.01,0.15,1e-05,0.2179029949596212,0.98,0.2135449350604288,26.34,1.5,0.02,4.747931513305486,0.8871776856189897,0.5586407178859849,CDP,CDP_PHYSICS_90,switched_with_counterfactual_gain
DCDC,DRAD-CF-MPC,1.0,60,300,50,20,0.01,0.15,1e-05,0.1067005228465621,1.0,0.1067005228465621,11.9,0.54,0.0,2.6858682609756817,0.959466987489001,0.5583121732208987,CDP,CDP_PHYSICS_90,switched_with_counterfactual_gain
DCDC,DRAD-CF-MPC,1.0,80,300,50,20,0.01,0.15,1e-05,0.1091511798376218,1.0,0.1091511798376218,13.26,0.78,0.0,2.571776989661755,0.9665615174691188,0.4949160112013211,RANK_ENSEMBLE,RANK_ENSEMBLE,switched_with_counterfactual_gain
DCDC,DRAD-CF-MPC,1.0,100,300,50,20,0.01,0.15,1e-05,0.0732056115514257,0.94,0.0688132748583402,9.92,0.64,0.06,1.9516729501685348,0.9922629317261928,0.4633971942242871,RANK_ENSEMBLE,RANK_ENSEMBLE,switched_with_counterfactual_gain
DCDC,NP,0.25,0,270,50,20,0.01,0.15,1e-05,0.8441589075503948,0.88,0.7428598386443475,112.7,0.58,0.12,17.883178151007897,0.4512967100922433,0.155841092449605,NP,NP,
DCDC,NP,0.5,0,210,50,20,0.01,0.15,1e-05,0.8207214566662357,0.92,0.7550637401329369,106.32,2.0,0.08,17.414429133324713,0.4665310531669467,0.1792785433337643,NP,NP,
DCDC,NP,1.0,0,210,50,20,0.01,0.15,1e-05,0.8476941342239211,0.94,0.7968324861704859,107.98,1.42,0.06,17.953882684478426,0.4489988127544512,0.1523058657760787,NP,NP,
DCDC,PDP,0.25,0,270,50,20,0.01,0.15,1e-05,0.8441589075503948,0.88,0.7428598386443475,112.7,0.58,0.12,17.883178151007897,0.4512967100922433,0.155841092449605,PDP,PDP,
DCDC,PDP,0.25,20,300,50,20,0.01,0.15,1e-05,0.7305702444750705,0.9,0.6575132200275634,105.12,0.7,0.1,14.588606547236314,0.543129341091204,0.2245247962707745,PDP,PDP,
DCDC,PDP,0.25,40,300,50,20,0.01,0.15,1e-05,0.6257019512631857,0.9,0.5631317561368672,92.58,1.14,0.1,11.762073561726796,0.6292937316789292,0.2673557490977244,PDP,PDP,
DCDC,PDP,0.25,60,300,50,20,0.01,0.15,1e-05,0.2851248352984367,0.98,0.2794223385924679,43.46,1.94,0.02,5.504972397715299,0.8714584015867142,0.446796977938477,PDP,PDP,
DCDC,PDP,0.25,80,270,50,20,0.01,0.15,1e-05,0.1944104526604601,1.0,0.1944104526604601,27.62,1.22,0.0,3.799510518310625,0.9412023487299508,0.4475497485219666,PDP,PDP,
DCDC,PDP,0.25,100,300,50,20,0.01,0.15,1e-05,0.1532281043118054,0.92,0.140969855966861,21.58,0.98,0.08,2.991965356053471,0.9667989104441168,0.4233859478440972,PDP,PDP,
DCDC,PDP,0.5,0,210,50,20,0.01,0.15,1e-05,0.8207214566662357,0.92,0.7550637401329369,106.32,2.0,0.08,17.414429133324713,0.4665310531669467,0.1792785433337643,PDP,PDP,
DCDC,PDP,0.5,20,270,50,20,0.01,0.15,1e-05,0.711505362702613,0.88,0.6261247191782995,101.72,0.86,0.12,14.233999746268598,0.5551215142433017,0.2404121977478226,PDP,PDP,
DCDC,PDP,0.5,40,300,50,20,0.01,0.15,1e-05,0.612505510680089,0.86,0.5267547391848765,92.5,1.14,0.14,11.535094783697527,0.6362714180579422,0.2767817780856508,PDP,PDP,
DCDC,PDP,0.5,60,270,50,20,0.01,0.15,1e-05,0.2539975778799438,0.98,0.248917626322345,37.96,1.58,0.02,5.013161730503112,0.8902154106535133,0.4662515138250351,PDP,PDP,
DCDC,PDP,0.5,80,300,50,20,0.01,0.15,1e-05,0.2089770160182203,1.0,0.2089770160182203,28.94,1.2,0.0,4.009269030662374,0.9326868422959174,0.4394572133232108,PDP,PDP,
DCDC,PDP,0.5,100,300,50,20,0.01,0.15,1e-05,0.1532281043118054,0.92,0.140969855966861,21.58,0.98,0.08,2.991965356053471,0.9667989104441168,0.4233859478440972,PDP,PDP,
DCDC,PDP,1.0,0,210,50,20,0.01,0.15,1e-05,0.8476941342239211,0.94,0.7968324861704859,107.98,1.42,0.06,17.953882684478426,0.4489988127544512,0.1523058657760787,PDP,PDP,
DCDC,PDP,1.0,20,210,50,20,0.01,0.15,1e-05,0.676802348703679,0.94,0.6361942077814582,96.74,1.54,0.06,13.58852368588843,0.5788784733426087,0.2693313760802675,PDP,PDP,
DCDC,PDP,1.0,40,300,50,20,0.01,0.15,1e-05,0.6100976020287474,0.84,0.5124819857041478,93.36,1.1,0.16,11.493678754894454,0.6370365586813143,0.278501712836609,PDP,PDP,
DCDC,PDP,1.0,60,270,50,20,0.01,0.15,1e-05,0.2539975778799438,0.98,0.248917626322345,37.96,1.58,0.02,5.013161730503112,0.8902154106535133,0.4662515138250351,PDP,PDP,
DCDC,PDP,1.0,80,300,50,20,0.01,0.15,1e-05,0.2089770160182203,1.0,0.2089770160182203,28.94,1.2,0.0,4.009269030662374,0.9326868422959174,0.4394572133232108,PDP,PDP,
DCDC,PDP,1.0,100,300,50,20,0.01,0.15,1e-05,0.1532281043118054,0.92,0.140969855966861,21.58,0.98,0.08,2.991965356053471,0.9667989104441168,0.4233859478440972,PDP,PDP,
DCDC,RP,0.25,0,270,50,20,0.01,0.15,1e-05,0.8441589075503948,0.88,0.7428598386443475,112.7,0.58,0.12,17.883178151007897,0.4512967100922433,0.155841092449605,RP,RP,
DCDC,RP,0.25,20,210,50,20,0.01,0.15,1e-05,0.6613091802543942,0.96,0.6348568130442185,85.64,2.0,0.04,13.300350752731733,0.5893490328346437,0.2822423497880047,RP,RP,
DCDC,RP,0.25,40,300,50,20,0.01,0.15,1e-05,0.7013586168226026,0.94,0.6592770998132464,88.82,1.32,0.06,13.06336820934876,0.5817168990653083,0.2133152736981409,RP,RP,
DCDC,RP,0.25,60,300,50,20,0.01,0.15,1e-05,0.5471989704690811,0.9,0.4924790734221729,74.26,1.62,0.1,9.64574373341148,0.6983206691950974,0.2830006434568244,RP,RP,
DCDC,RP,0.25,80,300,50,20,0.01,0.15,1e-05,0.4158740987185595,0.94,0.3909216527954459,54.92,1.26,0.06,6.988587021547258,0.8004877630463026,0.3245143896008002,RP,RP,
DCDC,RP,0.25,100,300,50,20,0.01,0.15,1e-05,0.2193543644564803,0.92,0.2018060152999619,31.26,0.82,0.08,3.8516067379342447,0.933358631175556,0.3903228177717598,RP,RP,
DCDC,RP,0.5,0,210,50,20,0.01,0.15,1e-05,0.8207214566662357,0.92,0.7550637401329369,106.32,2.0,0.08,17.414429133324713,0.4665310531669467,0.1792785433337643,RP,RP,
DCDC,RP,0.5,20,210,50,20,0.01,0.15,1e-05,0.7147622880151934,0.94,0.6718765507342818,91.62,1.68,0.06,14.2945785570826,0.5542045127901242,0.2376980933206721,RP,RP,
DCDC,RP,0.5,40,300,50,20,0.01,0.15,1e-05,0.6995964542575939,0.9,0.6296368088318345,92.74,1.08,0.1,13.033059013230613,0.581262304732564,0.2145739612445758,RP,RP,
DCDC,RP,0.5,60,300,50,20,0.01,0.15,1e-05,0.5696197699609871,0.9,0.5126577929648883,78.3,1.3,0.1,9.999992365383598,0.6834638416263245,0.268987643774383,RP,RP,
DCDC,RP,0.5,80,300,50,20,0.01,0.15,1e-05,0.4542588695031909,0.98,0.4451736921131271,59.64,1.28,0.02,7.541327720845947,0.7809830161891357,0.3031895169426717,RP,RP,
DCDC,RP,0.5,100,300,50,20,0.01,0.15,1e-05,0.2193543644564803,0.92,0.2018060152999619,31.26,0.82,0.08,3.8516067379342447,0.933358631175556,0.3903228177717598,RP,RP,
DCDC,RP,1.0,0,210,50,20,0.01,0.15,1e-05,0.8476941342239211,0.94,0.7968324861704859,107.98,1.42,0.06,17.953882684478426,0.4489988127544512,0.1523058657760787,RP,RP,
DCDC,RP,1.0,20,210,50,20,0.01,0.15,1e-05,0.7094804054232081,0.92,0.6527219729893515,91.36,1.68,0.08,14.19633554087167,0.5572377364749148,0.2420996621473266,RP,RP,
DCDC,RP,1.0,40,300,50,20,0.01,0.15,1e-05,0.6910184611499894,0.88,0.6080962458119907,92.08,1.1,0.12,12.88551753177982,0.5860380002525069,0.2207010991785788,RP,RP,
DCDC,RP,1.0,60,300,50,20,0.01,0.15,1e-05,0.5696197699609871,0.9,0.5126577929648883,78.3,1.3,0.1,9.999992365383598,0.6834638416263245,0.268987643774383,RP,RP,
DCDC,RP,1.0,80,300,50,20,0.01,0.15,1e-05,0.4542588695031909,0.98,0.4451736921131271,59.64,1.28,0.02,7.541327720845947,0.7809830161891357,0.3031895169426717,RP,RP,
DCDC,RP,1.0,100,300,50,20,0.01,0.15,1e-05,0.2193543644564803,0.92,0.2018060152999619,31.26,0.82,0.08,3.8516067379342447,0.933358631175556,0.3903228177717598,RP,RP,
DDAC,CDP,0.25,0,210,50,20,0.01,0.15,1e-05,0.842798993723513,0.92,0.775375074225632,101.58,2.06,0.08,17.855979874470258,0.4521806540797166,0.1572010062764871,CDP,CDP,
DDAC,CDP,0.25,20,300,50,20,0.01,0.15,1e-05,0.4667264424960793,0.92,0.429388327096393,57.92,2.48,0.08,9.681111830427078,0.7150155349055809,0.4443946312532671,CDP,CDP,
DDAC,CDP,0.25,40,300,50,20,0.01,0.15,1e-05,0.1877029345446932,0.96,0.1801948171629055,22.34,1.04,0.04,4.228490474168724,0.9074142487132012,0.5802121896109335,CDP,CDP,
DDAC,CDP,0.25,60,300,50,20,0.01,0.15,1e-05,0.1379414049355168,1.0,0.1379414049355168,15.44,0.54,0.0,3.179474197981165,0.9355428777110188,0.5387866219153019,CDP,CDP,
DDAC,CDP,0.25,80,300,50,20,0.01,0.15,1e-05,0.1473775044822417,1.0,0.1473775044822417,16.42,0.58,0.0,3.1222360645442806,0.94454772179462,0.4736791641765323,CDP,CDP,
DDAC,CDP,0.25,100,300,50,20,0.01,0.15,1e-05,0.1042201731116167,0.96,0.1000513661871521,10.8,0.46,0.04,2.3548622504510184,0.9738512863789152,0.4478899134441916,CDP,CDP,
DDAC,CDP,0.5,0,180,50,20,0.01,0.15,1e-05,0.8322843106634334,0.96,0.7989929382368961,96.68,2.8,0.04,17.64568621326867,0.4590151980687682,0.1677156893365664,CDP,CDP,
DDAC,CDP,0.5,20,300,50,20,0.01,0.15,1e-05,0.5107124267954629,0.96,0.4902839297236444,61.68,1.94,0.04,10.499251138395614,0.6872255976724954,0.4077396443371142,CDP,CDP,
DDAC,CDP,0.5,40,300,50,20,0.01,0.15,1e-05,0.1742135618975551,0.96,0.1672450194216529,21.76,0.9,0.04,3.996473264637948,0.9161592093140114,0.5898474557874607,CDP,CDP,
DDAC,CDP,0.5,60,300,50,20,0.01,0.15,1e-05,0.1299157164033013,1.0,0.1299157164033013,14.32,0.66,0.0,3.0526683191721617,0.942407794025748,0.5438026772479366,CDP,CDP,
DDAC,CDP,0.5,80,300,50,20,0.01,0.15,1e-05,0.1141068164863347,1.0,0.1141068164863347,12.04,0.66,0.0,2.64313815740322,0.966973565319564,0.492162879729814,CDP,CDP,
DDAC,CDP,0.5,100,300,50,20,0.01,0.15,1e-05,0.1042201731116167,0.96,0.1000513661871521,10.8,0.46,0.04,2.3548622504510184,0.9738512863789152,0.4478899134441916,CDP,CDP,
DDAC,CDP,1.0,0,210,50,20,0.01,0.15,1e-05,0.8914946060483088,0.94,0.8380049296854102,107.98,1.42,0.06,18.829892120966175,0.4205285060685992,0.1085053939516912,CDP,CDP,
DDAC,CDP,1.0,20,300,50,20,0.01,0.15,1e-05,0.5326055427371549,0.94,0.5006492101729255,64.14,2.24,0.06,10.90646309491108,0.672594119748882,0.3894953810523709,CDP,CDP,
DDAC,CDP,1.0,40,300,50,20,0.01,0.15,1e-05,0.2158596131439899,1.0,0.2158596131439899,24.66,1.14,0.0,4.712785346076628,0.8905110096609065,0.5601002763257216,CDP,CDP,
DDAC,CDP,1.0,60,300,50,20,0.01,0.15,1e-05,0.1299157164033013,1.0,0.1299157164033013,14.32,0.66,0.0,3.0526683191721617,0.942407794025748,0.5438026772479366,CDP,CDP,
DDAC,CDP,1.0,80,300,50,20,0.01,0.15,1e-05,0.1141068164863347,1.0,0.1141068164863347,12.04,0.66,0.0,2.64313815740322,0.966973565319564,0.492162879729814,CDP,CDP,
DDAC,CDP,1.0,100,300,50,20,0.01,0.15,1e-05,0.1042201731116167,0.96,0.1000513661871521,10.8,0.46,0.04,2.3548622504510184,0.9738512863789152,0.4478899134441916,CDP,CDP,
DDAC,CP,0.25,0,210,50,20,0.01,0.15,1e-05,0.842798993723513,0.92,0.775375074225632,101.58,2.06,0.08,17.855979874470258,0.4521806540797166,0.1572010062764871,CP,CP,
DDAC,CP,0.25,20,270,50,20,0.01,0.15,1e-05,0.5601519382309813,0.92,0.5153397831725028,70.88,2.38,0.08,11.418826051096254,0.6543012401498622,0.3665400514741821,CP,CP,
DDAC,CP,0.25,40,270,50,20,0.01,0.15,1e-05,0.333369206822998,0.96,0.3200344385500781,41.46,2.58,0.04,6.733950357355566,0.8209040915523697,0.4761648522692872,CP,CP,
DDAC,CP,0.25,60,300,50,20,0.01,0.15,1e-05,0.2366451354226916,0.98,0.2319122327142377,30.0,1.38,0.02,4.738993139678528,0.8940988018085986,0.4770967903608177,CP,CP,
DDAC,CP,0.25,80,300,50,20,0.01,0.15,1e-05,0.2016195950414129,0.96,0.1935548112397564,23.9,0.8,0.04,3.9033221685963455,0.9216715761636688,0.4435446694214372,CP,CP,
DDAC,CP,0.25,100,300,50,20,0.01,0.15,1e-05,0.1783396700362567,0.96,0.1712060832348064,18.3,0.96,0.04,3.3184157104713377,0.9559009025459752,0.4108301649818716,CP,CP,
DDAC,CP,0.5,0,180,50,20,0.01,0.15,1e-05,0.8322843106634334,0.96,0.7989929382368961,96.68,2.8,0.04,17.64568621326867,0.4590151980687682,0.1677156893365664,CP,CP,
DDAC,CP,0.5,20,270,50,20,0.01,0.15,1e-05,0.6260561956957824,0.92,0.5759717000401199,78.0,2.06,0.08,12.644645239941555,0.6114634727977415,0.3116198369201813,CP,CP,
DDAC,CP,0.5,40,300,50,20,0.01,0.15,1e-05,0.3293534377134405,0.94,0.309592231450634,41.5,1.68,0.06,6.664879128671178,0.8222746464968119,0.4790332587761138,CP,CP,
DDAC,CP,0.5,60,300,50,20,0.01,0.15,1e-05,0.2635387405298908,0.96,0.2529971909086952,34.56,1.3,0.04,5.163912100372276,0.8783035499002915,0.4602882871688182,CP,CP,
DDAC,CP,0.5,80,300,50,20,0.01,0.15,1e-05,0.2204660732409912,0.98,0.2160567517761714,25.58,0.98,0.02,4.174711454670273,0.9143328721913264,0.4330744037550048,CP,CP,
DDAC,CP,0.5,100,300,50,20,0.01,0.15,1e-05,0.1783396700362567,0.96,0.1712060832348064,18.3,0.96,0.04,3.3184157104713377,0.9559009025459752,0.4108301649818716,CP,CP,
DDAC,CP,1.0,0,210,50,20,0.01,0.15,1e-05,0.8914946060483088,0.94,0.8380049296854102,107.98,1.42,0.06,18.829892120966175,0.4205285060685992,0.1085053939516912,CP,CP,
DDAC,CP,1.0,20,270,50,20,0.01,0.15,1e-05,0.6742524510466857,0.94,0.6337973039838846,84.74,2.26,0.06,13.54109558946836,0.5805359068196542,0.2714562907944284,CP,CP,
DDAC,CP,1.0,40,300,50,20,0.01,0.15,1e-05,0.338909549643948,0.9,0.3050185946795532,42.88,1.9,0.1,6.829244253875906,0.8151786055099017,0.4722074645400371,CP,CP,
DDAC,CP,1.0,60,300,50,20,0.01,0.15,1e-05,0.2635387405298908,0.96,0.2529971909086952,34.56,1.3,0.04,5.163912100372276,0.8783035499002915,0.4602882871688182,CP,CP,
DDAC,CP,1.0,80,300,50,20,0.01,0.15,1e-05,0.2204660732409912,0.98,0.2160567517761714,25.58,0.98,0.02,4.174711454670273,0.9143328721913264,0.4330744037550048,CP,CP,
DDAC,CP,1.0,100,300,50,20,0.01,0.15,1e-05,0.1783396700362567,0.96,0.1712060832348064,18.3,0.96,0.04,3.3184157104713377,0.9559009025459752,0.4108301649818716,CP,CP,
DDAC,DRAD,0.25,0,210,50,20,0.01,0.15,1e-05,0.842798993723513,0.92,0.775375074225632,101.58,2.06,0.08,17.855979874470258,0.4521806540797166,0.1572010062764871,DRAD_SCORE,DRAD_SCORE,
DDAC,DRAD,0.25,20,300,50,20,0.01,0.15,1e-05,0.5054539285059821,0.96,0.4852357713657428,59.48,2.18,0.04,10.401443070211268,0.6904988853767611,0.4121217262450148,DRAD_SCORE,DRAD_SCORE,
DDAC,DRAD,0.25,40,300,50,20,0.01,0.15,1e-05,0.3063629188361681,0.98,0.3002356604594448,35.7,1.74,0.02,6.269442203982094,0.8386204777148469,0.4954550579741655,DRAD_SCORE,DRAD_SCORE,
DDAC,DRAD,0.25,60,270,50,20,0.01,0.15,1e-05,0.2067996626906992,0.96,0.1985276761830712,24.26,1.14,0.04,4.2674346705130475,0.9148696139383842,0.4957502108183129,DRAD_SCORE,DRAD_SCORE,
DDAC,DRAD,0.25,80,270,50,20,0.01,0.15,1e-05,0.1338732155359348,1.0,0.1338732155359348,14.38,0.66,0.0,2.9277743037174617,0.9667442003711996,0.4811815469244805,DRAD_SCORE,DRAD_SCORE,
DDAC,DRAD,0.25,100,270,50,20,0.01,0.15,1e-05,0.0996949081911155,1.0,0.0996949081911155,9.76,0.6,0.0,2.2960338064845023,0.9805685991177988,0.4501525459044422,DRAD_SCORE,DRAD_SCORE,
DDAC,DRAD,0.5,0,180,50,20,0.01,0.15,1e-05,0.8322843106634334,0.96,0.7989929382368961,96.68,2.8,0.04,17.64568621326867,0.4590151980687682,0.1677156893365664,DRAD_SCORE,DRAD_SCORE,
DDAC,DRAD,0.5,20,300,50,20,0.01,0.15,1e-05,0.4771178547054449,0.94,0.4484907834231182,58.66,2.52,0.06,9.874392097521277,0.7086733944414607,0.4357351210787959,DRAD_SCORE,DRAD_SCORE,
DDAC,DRAD,0.5,40,300,50,20,0.01,0.15,1e-05,0.2849679968861453,0.98,0.2792686369484224,34.46,1.38,0.02,5.901449546441698,0.8518407788285944,0.510737145081325,DRAD_SCORE,DRAD_SCORE,
DDAC,DRAD,0.5,60,300,50,20,0.01,0.15,1e-05,0.2042679596344818,0.98,0.2001826004417922,24.44,0.92,0.02,4.2274337622248135,0.9155019016670908,0.4973325252284487,DRAD_SCORE,DRAD_SCORE,
DDAC,DRAD,0.5,80,270,50,20,0.01,0.15,1e-05,0.1617935781648015,1.0,0.1617935781648015,17.48,0.64,0.0,3.329827525573142,0.9485039409214232,0.465670234352888,DRAD_SCORE,DRAD_SCORE,
DDAC,DRAD,0.5,100,270,50,20,0.01,0.15,1e-05,0.089140085181347,0.96,0.0855744817740931,9.52,0.58,0.04,2.158821107357512,0.9877463216952072,0.4554299574093264,DRAD_SCORE,DRAD_SCORE,
DDAC,DRAD,1.0,0,210,50,20,0.01,0.15,1e-05,0.8914946060483088,0.94,0.8380049296854102,107.98,1.42,0.06,18.829892120966175,0.4205285060685992,0.1085053939516912,DRAD_SCORE,DRAD_SCORE,
DDAC,DRAD,1.0,20,300,50,20,0.01,0.15,1e-05,0.5480667947701869,0.98,0.5371054588747832,64.24,2.22,0.02,11.19404238272548,0.6633565833993784,0.3766110043581774,DRAD_SCORE,DRAD_SCORE,
DDAC,DRAD,1.0,40,300,50,20,0.01,0.15,1e-05,0.3153151761773406,0.96,0.3027025691302469,39.06,1.42,0.04,6.423421030250257,0.832449832804793,0.4890605884447568,DRAD_SCORE,DRAD_SCORE,
DDAC,DRAD,1.0,60,240,50,20,0.01,0.15,1e-05,0.1875111908720293,1.0,0.1875111908720293,20.88,1.16,0.0,3.9626768157780634,0.9281915814230464,0.5078055057049816,DRAD_SCORE,DRAD_SCORE,
DDAC,DRAD,1.0,80,270,50,20,0.01,0.15,1e-05,0.1763470668997927,1.0,0.1763470668997927,18.7,0.7,0.0,3.5393977633570146,0.9431144796483512,0.4575849628334485,DRAD_SCORE,DRAD_SCORE,
DDAC,DRAD,1.0,100,300,50,20,0.01,0.15,1e-05,0.107342100362153,0.96,0.1030484163476669,11.3,0.52,0.04,2.3954473047079894,0.9790179949476516,0.4463289498189234,DRAD_SCORE,DRAD_SCORE,
DDAC,DRAD-CF-MPC,0.25,0,210,50,20,0.01,0.15,1e-05,0.842798993723513,0.92,0.775375074225632,101.58,2.06,0.08,17.855979874470258,0.4521806540797166,0.1572010062764871,NP,NP,zero_budget
DDAC,DRAD-CF-MPC,0.25,20,300,50,20,0.01,0.15,1e-05,0.4400214717285536,0.96,0.4224206128594114,52.06,2.48,0.04,9.184399374151097,0.7331860433764402,0.4666487735595387,CDP,CDP,switched_with_counterfactual_gain
DDAC,DRAD-CF-MPC,0.25,40,300,50,20,0.01,0.15,1e-05,0.2071559099379094,0.96,0.198869673540393,24.68,0.96,0.04,4.563081650932041,0.8940849537473226,0.5663172071872077,CDP,CDP_PHYSICS_95,switched_with_counterfactual_gain
DDAC,DRAD-CF-MPC,0.25,60,300,50,20,0.01,0.15,1e-05,0.1262856537128722,1.0,0.1262856537128722,14.6,0.5,0.0,2.9953133286633817,0.945157797480014,0.5460714664294548,CDP_PHYSICS_90,CDP_PHYSICS_90,switched_with_counterfactual_gain
DDAC,DRAD-CF-MPC,0.25,80,300,50,20,0.01,0.15,1e-05,0.1245153723596031,1.0,0.1245153723596031,13.78,0.8,0.0,2.793021361978285,0.9625494579127918,0.4863803486891093,CDP,RANK_ENSEMBLE,switched_with_counterfactual_gain
DDAC,DRAD-CF-MPC,0.25,100,300,50,20,0.01,0.15,1e-05,0.0897212508788771,0.96,0.086132400843722,9.56,0.42,0.04,2.1663762614254036,0.9822402046331304,0.4551393745605613,CDP,RANK_ENSEMBLE,switched_with_counterfactual_gain
DDAC,DRAD-CF-MPC,0.5,0,180,50,20,0.01,0.15,1e-05,0.8322843106634334,0.96,0.7989929382368961,96.68,2.8,0.04,17.64568621326867,0.4590151980687682,0.1677156893365664,NP,NP,zero_budget
DDAC,DRAD-CF-MPC,0.5,20,300,50,20,0.01,0.15,1e-05,0.4746713643203406,0.92,0.4366976551747134,60.94,1.92,0.08,9.828887376358336,0.7096425143483046,0.4377738630663828,CDP,HYBRID,switched_with_counterfactual_gain
DDAC,DRAD-CF-MPC,0.5,40,300,50,20,0.01,0.15,1e-05,0.1883788589696231,0.94,0.1770761274314456,25.16,1.0,0.06,4.240116374277517,0.9075872212682607,0.5797293864502693,CDP,CDP_PHYSICS_95,switched_with_counterfactual_gain
DDAC,DRAD-CF-MPC,0.5,60,300,50,20,0.01,0.15,1e-05,0.0995452368293457,1.0,0.0995452368293457,11.68,0.46,0.0,2.572814741903662,0.9618896413305542,0.5627842269816589,CDP,CDP_PHYSICS_90,switched_with_counterfactual_gain
DDAC,DRAD-CF-MPC,0.5,80,300,50,20,0.01,0.15,1e-05,0.1075354338875553,0.98,0.1053847252098042,11.58,0.66,0.02,2.548510247980797,0.9697163554861358,0.495813647840247,RANK_ENSEMBLE,RANK_ENSEMBLE,switched_with_counterfactual_gain
DDAC,DRAD-CF-MPC,0.5,100,270,50,20,0.01,0.15,1e-05,0.0858395843523102,1.0,0.0858395843523102,8.52,0.44,0.0,2.115914596580033,0.9834892934057606,0.4570802078238449,CDP,PHYSICS,switched_with_counterfactual_gain
DDAC,DRAD-CF-MPC,1.0,0,210,50,20,0.01,0.15,1e-05,0.8914946060483088,0.94,0.8380049296854102,107.98,1.42,0.06,18.829892120966175,0.4205285060685992,0.1085053939516912,NP,NP,zero_budget
DDAC,DRAD-CF-MPC,1.0,20,300,50,20,0.01,0.15,1e-05,0.4767075089844046,0.92,0.4385709082656522,57.64,2.28,0.08,9.866759667109926,0.7085278416881695,0.4360770758463295,CDP,HYBRID,switched_with_counterfactual_gain
DDAC,DRAD-CF-MPC,1.0,40,300,50,20,0.01,0.15,1e-05,0.1886152837896505,0.98,0.1848429781138575,22.72,0.98,0.02,4.24418288118199,0.9082210739132464,0.579560511578821,CDP,CDP_PHYSICS_95,switched_with_counterfactual_gain
DDAC,DRAD-CF-MPC,1.0,60,300,50,20,0.01,0.15,1e-05,0.1079458667975684,1.0,0.1079458667975684,12.42,0.52,0.0,2.705544695401581,0.9588962456291537,0.5575338332515197,CDP_PHYSICS_90,CDP_PHYSICS_90,switched_with_counterfactual_gain
DDAC,DRAD-CF-MPC,1.0,80,300,50,20,0.01,0.15,1e-05,0.1129433548216291,0.98,0.1106844877251965,11.92,0.76,0.02,2.6263843094314603,0.9674419223103712,0.4928092473213171,CDP,RANK_ENSEMBLE,switched_with_counterfactual_gain
DDAC,DRAD-CF-MPC,1.0,100,300,50,20,0.01,0.15,1e-05,0.0879631325713975,0.94,0.0826853446171137,9.42,0.46,0.06,2.143520723428168,0.983465021231223,0.4560184337143013,CDP,RANK_ENSEMBLE,switched_with_counterfactual_gain
DDAC,NP,0.25,0,210,50,20,0.01,0.15,1e-05,0.842798993723513,0.92,0.775375074225632,101.58,2.06,0.08,17.855979874470258,0.4521806540797166,0.1572010062764871,NP,NP,
DDAC,NP,0.5,0,180,50,20,0.01,0.15,1e-05,0.8322843106634334,0.96,0.7989929382368961,96.68,2.8,0.04,17.64568621326867,0.4590151980687682,0.1677156893365664,NP,NP,
DDAC,NP,1.0,0,210,50,20,0.01,0.15,1e-05,0.8914946060483088,0.94,0.8380049296854102,107.98,1.42,0.06,18.829892120966175,0.4205285060685992,0.1085053939516912,NP,NP,
DDAC,PDP,0.25,0,210,50,20,0.01,0.15,1e-05,0.842798993723513,0.92,0.775375074225632,101.58,2.06,0.08,17.855979874470258,0.4521806540797166,0.1572010062764871,PDP,PDP,
DDAC,PDP,0.25,20,300,50,20,0.01,0.15,1e-05,0.4667264424960793,0.92,0.429388327096393,57.92,2.48,0.08,9.681111830427078,0.7150155349055809,0.4443946312532671,PDP,PDP,
DDAC,PDP,0.25,40,300,50,20,0.01,0.15,1e-05,0.1877029345446932,0.96,0.1801948171629055,22.34,1.04,0.04,4.228490474168724,0.9074142487132012,0.5802121896109335,PDP,PDP,
DDAC,PDP,0.25,60,300,50,20,0.01,0.15,1e-05,0.1379414049355168,1.0,0.1379414049355168,15.44,0.54,0.0,3.179474197981165,0.9355428777110188,0.5387866219153019,PDP,PDP,
DDAC,PDP,0.25,80,300,50,20,0.01,0.15,1e-05,0.1473775044822417,1.0,0.1473775044822417,16.42,0.58,0.0,3.1222360645442806,0.94454772179462,0.4736791641765323,PDP,PDP,
DDAC,PDP,0.25,100,300,50,20,0.01,0.15,1e-05,0.1042201731116167,0.96,0.1000513661871521,10.8,0.46,0.04,2.3548622504510184,0.9738512863789152,0.4478899134441916,PDP,PDP,
DDAC,PDP,0.5,0,180,50,20,0.01,0.15,1e-05,0.8322843106634334,0.96,0.7989929382368961,96.68,2.8,0.04,17.64568621326867,0.4590151980687682,0.1677156893365664,PDP,PDP,
DDAC,PDP,0.5,20,300,50,20,0.01,0.15,1e-05,0.5107124267954629,0.96,0.4902839297236444,61.68,1.94,0.04,10.499251138395614,0.6872255976724954,0.4077396443371142,PDP,PDP,
DDAC,PDP,0.5,40,300,50,20,0.01,0.15,1e-05,0.1742135618975551,0.96,0.1672450194216529,21.76,0.9,0.04,3.996473264637948,0.9161592093140114,0.5898474557874607,PDP,PDP,
DDAC,PDP,0.5,60,300,50,20,0.01,0.15,1e-05,0.1299157164033013,1.0,0.1299157164033013,14.32,0.66,0.0,3.0526683191721617,0.942407794025748,0.5438026772479366,PDP,PDP,
DDAC,PDP,0.5,80,300,50,20,0.01,0.15,1e-05,0.1141068164863347,1.0,0.1141068164863347,12.04,0.66,0.0,2.64313815740322,0.966973565319564,0.492162879729814,PDP,PDP,
DDAC,PDP,0.5,100,300,50,20,0.01,0.15,1e-05,0.1042201731116167,0.96,0.1000513661871521,10.8,0.46,0.04,2.3548622504510184,0.9738512863789152,0.4478899134441916,PDP,PDP,
DDAC,PDP,1.0,0,210,50,20,0.01,0.15,1e-05,0.8914946060483088,0.94,0.8380049296854102,107.98,1.42,0.06,18.829892120966175,0.4205285060685992,0.1085053939516912,PDP,PDP,
DDAC,PDP,1.0,20,300,50,20,0.01,0.15,1e-05,0.5326055427371549,0.94,0.5006492101729255,64.14,2.24,0.06,10.90646309491108,0.672594119748882,0.3894953810523709,PDP,PDP,
DDAC,PDP,1.0,40,300,50,20,0.01,0.15,1e-05,0.2158596131439899,1.0,0.2158596131439899,24.66,1.14,0.0,4.712785346076628,0.8905110096609065,0.5601002763257216,PDP,PDP,
DDAC,PDP,1.0,60,300,50,20,0.01,0.15,1e-05,0.1299157164033013,1.0,0.1299157164033013,14.32,0.66,0.0,3.0526683191721617,0.942407794025748,0.5438026772479366,PDP,PDP,
DDAC,PDP,1.0,80,300,50,20,0.01,0.15,1e-05,0.1141068164863347,1.0,0.1141068164863347,12.04,0.66,0.0,2.64313815740322,0.966973565319564,0.492162879729814,PDP,PDP,
DDAC,PDP,1.0,100,300,50,20,0.01,0.15,1e-05,0.1042201731116167,0.96,0.1000513661871521,10.8,0.46,0.04,2.3548622504510184,0.9738512863789152,0.4478899134441916,PDP,PDP,
DDAC,RP,0.25,0,210,50,20,0.01,0.15,1e-05,0.842798993723513,0.92,0.775375074225632,101.58,2.06,0.08,17.855979874470258,0.4521806540797166,0.1572010062764871,RP,RP,
DDAC,RP,0.25,20,210,50,20,0.01,0.15,1e-05,0.7495735296921281,0.96,0.7195905885044429,85.64,2.0,0.04,14.942067652273584,0.5319772057001166,0.20868872525656,RP,RP,
DDAC,RP,0.25,40,300,50,20,0.01,0.15,1e-05,0.7671503580523396,0.94,0.7211213365691992,88.82,1.32,0.06,14.194986158500235,0.5389522672659793,0.1663211728197575,RP,RP,
DDAC,RP,0.25,60,300,50,20,0.01,0.15,1e-05,0.635936855483365,0.9,0.5723431699350285,74.26,1.62,0.1,11.047802316637169,0.6406410439358128,0.2275394653228968,RP,RP,
DDAC,RP,0.25,80,300,50,20,0.01,0.15,1e-05,0.5130814308987206,0.94,0.4822965450447973,54.92,1.26,0.06,8.388372604941576,0.7386932537718817,0.2705103161673774,RP,RP,
DDAC,RP,0.25,100,300,50,20,0.01,0.15,1e-05,0.2924123084322506,0.92,0.2690193237576705,31.26,0.82,0.08,4.801360009619259,0.891130957341256,0.3537938457838747,RP,RP,
DDAC,RP,0.5,0,180,50,20,0.01,0.15,1e-05,0.8322843106634334,0.96,0.7989929382368961,96.68,2.8,0.04,17.64568621326867,0.4590151980687682,0.1677156893365664,RP,RP,
DDAC,RP,0.5,20,210,50,20,0.01,0.15,1e-05,0.7885519333067204,0.94,0.7412388173083171,91.62,1.68,0.06,15.667065959505,0.5062412433506318,0.1762067222443997,RP,RP,
DDAC,RP,0.5,40,300,50,20,0.01,0.15,1e-05,0.7618002793276675,0.9,0.6856202513949008,92.74,1.08,0.1,14.102964804435883,0.5408298184370162,0.1701426576230947,RP,RP,
DDAC,RP,0.5,60,300,50,20,0.01,0.15,1e-05,0.6671045587929175,0.9,0.6003941029136258,78.3,1.3,0.1,11.540252028928098,0.620118637155851,0.2080596507544265,RP,RP,
DDAC,RP,0.5,80,300,50,20,0.01,0.15,1e-05,0.5611571305002303,0.98,0.5499339878902257,59.64,1.28,0.02,9.080662679203314,0.7125327883191249,0.2438015941665388,RP,RP,
DDAC,RP,0.5,100,300,50,20,0.01,0.15,1e-05,0.2924123084322506,0.92,0.2690193237576705,31.26,0.82,0.08,4.801360009619259,0.891130957341256,0.3537938457838747,RP,RP,
DDAC,RP,1.0,0,210,50,20,0.01,0.15,1e-05,0.8914946060483088,0.94,0.8380049296854102,107.98,1.42,0.06,18.829892120966175,0.4205285060685992,0.1085053939516912,RP,RP,
DDAC,RP,1.0,20,210,50,20,0.01,0.15,1e-05,0.7793590037859376,0.92,0.7170102834830626,91.36,1.68,0.08,15.496077470418438,0.5118166475391406,0.1838674968450519,RP,RP,
DDAC,RP,1.0,40,300,50,20,0.01,0.15,1e-05,0.7473756713629471,0.88,0.6576905907993935,92.08,1.1,0.12,13.854861547442688,0.5494058136140844,0.1804459490264664,RP,RP,
DDAC,RP,1.0,60,300,50,20,0.01,0.15,1e-05,0.6671045587929175,0.9,0.6003941029136258,78.3,1.3,0.1,11.540252028928098,0.620118637155851,0.2080596507544265,RP,RP,
DDAC,RP,1.0,80,300,50,20,0.01,0.15,1e-05,0.5611571305002303,0.98,0.5499339878902257,59.64,1.28,0.02,9.080662679203314,0.7125327883191249,0.2438015941665388,RP,RP,
DDAC,RP,1.0,100,300,50,20,0.01,0.15,1e-05,0.2924123084322506,0.92,0.2690193237576705,31.26,0.82,0.08,4.801360009619259,0.891130957341256,0.3537938457838747,RP,RP,
DDDC,CDP,0.25,0,270,50,20,0.01,0.15,1e-05,0.848082285906266,0.88,0.746312411597514,112.7,0.58,0.12,17.96164571812532,0.4487465141609271,0.1519177140937339,CDP,CDP,
DDDC,CDP,0.25,20,300,50,20,0.01,0.15,1e-05,0.450879504376711,0.92,0.4148091440265741,57.92,2.48,0.08,9.386358781406823,0.7251477443091402,0.4576004130194075,CDP,CDP,
DDDC,CDP,0.25,40,270,50,20,0.01,0.15,1e-05,0.1824998298324864,1.0,0.1824998298324864,20.06,1.1,0.0,4.138997073118766,0.9103234504943128,0.5839286929767955,CDP,CDP,
DDDC,CDP,0.25,60,300,50,20,0.01,0.15,1e-05,0.1450638299551936,1.0,0.1450638299551936,15.44,0.54,0.0,3.29200851329206,0.9326991215727652,0.534335106278004,CDP,CDP,
DDDC,CDP,0.25,80,300,50,20,0.01,0.15,1e-05,0.1610716472203048,1.0,0.1610716472203048,16.42,0.58,0.0,3.3194317199723895,0.9374167346374996,0.4660713070998307,CDP,CDP,
DDDC,CDP,0.25,100,300,50,20,0.01,0.15,1e-05,0.1040865882055972,0.96,0.0999231246773733,10.8,0.46,0.04,2.3531256466727637,0.977076847108427,0.4479567058972014,CDP,CDP,
DDDC,CDP,0.5,0,210,50,20,0.01,0.15,1e-05,0.8314604552681574,0.92,0.7649436188467048,106.32,2.0,0.08,17.62920910536315,0.4595507040756977,0.1685395447318426,CDP,CDP,
DDDC,CDP,0.5,20,300,50,20,0.01,0.15,1e-05,0.505893563364759,0.96,0.4856578208301686,61.68,1.94,0.04,10.409620278584516,0.6903691838129066,0.4117553638627009,CDP,CDP,
DDDC,CDP,0.5,40,300,50,20,0.01,0.15,1e-05,0.1694922911844257,0.96,0.1627125995370486,21.76,0.9,0.04,3.915267408372122,0.919865648169155,0.5932197920111245,CDP,CDP,
DDDC,CDP,0.5,60,300,50,20,0.01,0.15,1e-05,0.1367558319827807,1.0,0.1367558319827807,14.32,0.66,0.0,3.160742145327936,0.9395600246102008,0.539527605010762,CDP,CDP,
DDDC,CDP,0.5,80,300,50,20,0.01,0.15,1e-05,0.1204077666034346,1.0,0.1204077666034346,12.04,0.66,0.0,2.7338718390894594,0.9644920457369164,0.4886623518869807,CDP,CDP,
DDDC,CDP,0.5,100,300,50,20,0.01,0.15,1e-05,0.1040865882055972,0.96,0.0999231246773733,10.8,0.46,0.04,2.3531256466727637,0.977076847108427,0.4479567058972014,CDP,CDP,
DDDC,CDP,1.0,0,210,50,20,0.01,0.15,1e-05,0.8576676882278557,0.94,0.8062076269341842,107.98,1.42,0.06,18.15335376455711,0.4425160026518939,0.1423323117721444,CDP,CDP,
DDDC,CDP,1.0,20,300,50,20,0.01,0.15,1e-05,0.5186099167151172,0.94,0.4874933217122101,64.14,2.24,0.06,10.646144450901184,0.6815181636837463,0.4011584027374021,CDP,CDP,
DDDC,CDP,1.0,40,300,50,20,0.01,0.15,1e-05,0.2205675059223648,1.0,0.2205675059223648,24.66,1.14,0.0,4.793761101864676,0.8870782381859266,0.5567374957697394,CDP,CDP,
DDDC,CDP,1.0,60,300,50,20,0.01,0.15,1e-05,0.1367558319827807,1.0,0.1367558319827807,14.32,0.66,0.0,3.160742145327936,0.9395600246102008,0.539527605010762,CDP,CDP,
DDDC,CDP,1.0,80,300,50,20,0.01,0.15,1e-05,0.1204077666034346,1.0,0.1204077666034346,12.04,0.66,0.0,2.7338718390894594,0.9644920457369164,0.4886623518869807,CDP,CDP,
DDDC,CDP,1.0,100,300,50,20,0.01,0.15,1e-05,0.1040865882055972,0.96,0.0999231246773733,10.8,0.46,0.04,2.3531256466727637,0.977076847108427,0.4479567058972014,CDP,CDP,
DDDC,CP,0.25,0,270,50,20,0.01,0.15,1e-05,0.848082285906266,0.88,0.746312411597514,112.7,0.58,0.12,17.96164571812532,0.4487465141609271,0.1519177140937339,CP,CP,
DDDC,CP,0.25,20,300,50,20,0.01,0.15,1e-05,0.7256077617837824,0.9,0.6530469856054042,101.52,1.1,0.1,14.496304369178356,0.5463549548405414,0.2286601985135146,CP,CP,
DDDC,CP,0.25,40,240,50,20,0.01,0.15,1e-05,0.5401828271543497,0.96,0.5185755140681757,80.02,2.24,0.04,10.291144627054816,0.6872811623496726,0.328440837746893,CP,CP,
DDDC,CP,0.25,60,300,50,20,0.01,0.15,1e-05,0.5609459819007877,0.94,0.5272892229867404,81.86,0.94,0.06,9.862946514032446,0.6917851117644881,0.2744087613120077,CP,CP,
DDDC,CP,0.25,80,300,50,20,0.01,0.15,1e-05,0.4599341595789823,0.9,0.4139407436210841,68.18,1.2,0.1,7.623051897937345,0.7730427962736617,0.3000365780116765,CP,CP,
DDDC,CP,0.25,100,240,50,20,0.01,0.15,1e-05,0.3133662960230463,0.98,0.3070989701025853,43.0,1.88,0.02,5.073761848299601,0.8942881166892578,0.3433168519884769,CP,CP,
DDDC,CP,0.5,0,210,50,20,0.01,0.15,1e-05,0.8314604552681574,0.92,0.7649436188467048,106.32,2.0,0.08,17.62920910536315,0.4595507040756977,0.1685395447318426,CP,CP,
DDDC,CP,0.5,20,300,50,20,0.01,0.15,1e-05,0.7698018593202904,0.92,0.7082177105746672,106.54,0.52,0.08,15.3183145833574,0.5180287914418112,0.1918317838997579,CP,CP,
DDDC,CP,0.5,40,240,50,20,0.01,0.15,1e-05,0.5762578588031817,0.96,0.5532075444510544,83.48,2.04,0.04,10.911635171414725,0.663832391777932,0.3026729579977274,CP,CP,
DDDC,CP,0.5,60,300,50,20,0.01,0.15,1e-05,0.6041923528371076,0.98,0.5921085057803654,84.72,1.02,0.02,10.5462391748263,0.6660749706558801,0.2473797794768077,CP,CP,
DDDC,CP,0.5,80,300,50,20,0.01,0.15,1e-05,0.4729953918549261,0.94,0.4446156683436305,69.58,1.26,0.06,7.811133642710939,0.7677529952942982,0.2927803378583744,CP,CP,
DDDC,CP,0.5,100,240,50,20,0.01,0.15,1e-05,0.3133662960230463,0.98,0.3070989701025853,43.0,1.88,0.02,5.073761848299601,0.8942881166892578,0.3433168519884769,CP,CP,
DDDC,CP,1.0,0,210,50,20,0.01,0.15,1e-05,0.8576676882278557,0.94,0.8062076269341842,107.98,1.42,0.06,18.15335376455711,0.4425160026518939,0.1423323117721444,CP,CP,
DDDC,CP,1.0,20,300,50,20,0.01,0.15,1e-05,0.7606042332144543,0.92,0.6997558945572979,105.64,0.54,0.08,15.147238737788848,0.5240072484106048,0.1994964723212881,CP,CP,
DDDC,CP,1.0,40,240,50,20,0.01,0.15,1e-05,0.5768906837300579,0.94,0.5422772427062544,85.04,1.82,0.06,10.922519760156996,0.6626210555754624,0.3022209401928157,CP,CP,
DDDC,CP,1.0,60,300,50,20,0.01,0.15,1e-05,0.6041923528371076,0.98,0.5921085057803654,84.72,1.02,0.02,10.5462391748263,0.6660749706558801,0.2473797794768077,CP,CP,
DDDC,CP,1.0,80,300,50,20,0.01,0.15,1e-05,0.4729953918549261,0.94,0.4446156683436305,69.58,1.26,0.06,7.811133642710939,0.7677529952942982,0.2927803378583744,CP,CP,
DDDC,CP,1.0,100,240,50,20,0.01,0.15,1e-05,0.3133662960230463,0.98,0.3070989701025853,43.0,1.88,0.02,5.073761848299601,0.8942881166892578,0.3433168519884769,CP,CP,
DDDC,DRAD,0.25,0,270,50,20,0.01,0.15,1e-05,0.848082285906266,0.88,0.746312411597514,112.7,0.58,0.12,17.96164571812532,0.4487465141609271,0.1519177140937339,DRAD_SCORE,DRAD_SCORE,
DDDC,DRAD,0.25,20,300,50,20,0.01,0.15,1e-05,0.5227857914113081,0.92,0.4809629280984034,73.04,2.2,0.08,10.723815720250332,0.6785892355826497,0.3976785071572433,DRAD_SCORE,DRAD_SCORE,
DDDC,DRAD,0.25,40,270,50,20,0.01,0.15,1e-05,0.3234578183685063,0.96,0.310519505633766,46.34,2.4,0.04,6.563474475938307,0.8269801902554968,0.483244415451067,DRAD_SCORE,DRAD_SCORE,
DDDC,DRAD,0.25,60,300,50,20,0.01,0.15,1e-05,0.2591191465084112,0.94,0.2435719977179065,38.66,1.6,0.06,5.094082514832898,0.8832882021231369,0.4630505334322429,DRAD_SCORE,DRAD_SCORE,
DDDC,DRAD,0.25,80,270,50,20,0.01,0.15,1e-05,0.1825660821236124,1.0,0.1825660821236124,24.56,1.24,0.0,3.6289515825800183,0.9447281037261526,0.4541299543757708,DRAD_SCORE,DRAD_SCORE,
DDDC,DRAD,0.25,100,300,50,20,0.01,0.15,1e-05,0.1343628471961087,0.98,0.1316755902521865,18.48,0.94,0.02,2.746717013549413,0.9738698941741524,0.4328185764019456,DRAD_SCORE,DRAD_SCORE,
DDDC,DRAD,0.5,0,210,50,20,0.01,0.15,1e-05,0.8314604552681574,0.92,0.7649436188467048,106.32,2.0,0.08,17.62920910536315,0.4595507040756977,0.1685395447318426,DRAD_SCORE,DRAD_SCORE,
DDDC,DRAD,0.5,20,300,50,20,0.01,0.15,1e-05,0.6038987359082653,0.96,0.5797427864719347,81.16,2.06,0.04,12.232516487893731,0.6266658216596277,0.3300843867431123,DRAD_SCORE,DRAD_SCORE,
DDDC,DRAD,0.5,40,300,50,20,0.01,0.15,1e-05,0.3803692872277565,0.9,0.3423323585049808,59.64,1.88,0.1,7.542351740317412,0.7882201602158949,0.4425933662658882,DRAD_SCORE,DRAD_SCORE,
DDDC,DRAD,0.5,60,300,50,20,0.01,0.15,1e-05,0.2495368738855623,0.96,0.2395553989301398,36.32,1.74,0.04,4.942682607391885,0.8913611515395533,0.4690394538215235,DRAD_SCORE,DRAD_SCORE,
DDDC,DRAD,0.5,80,300,50,20,0.01,0.15,1e-05,0.1829524984337417,1.0,0.1829524984337417,24.6,1.22,0.0,3.634515977445881,0.9403412285631484,0.4539152786479213,DRAD_SCORE,DRAD_SCORE,
DDDC,DRAD,0.5,100,300,50,20,0.01,0.15,1e-05,0.1249687591175011,0.96,0.1199700087528011,17.86,0.82,0.04,2.6245938685275156,0.9772199545931431,0.4375156204412493,DRAD_SCORE,DRAD_SCORE,
DDDC,DRAD,1.0,0,210,50,20,0.01,0.15,1e-05,0.8576676882278557,0.94,0.8062076269341842,107.98,1.42,0.06,18.15335376455711,0.4425160026518939,0.1423323117721444,DRAD_SCORE,DRAD_SCORE,
DDDC,DRAD,1.0,20,300,50,20,0.01,0.15,1e-05,0.6159204870733861,0.9,0.5543284383660475,85.84,1.84,0.1,12.456121059564982,0.617651683402299,0.3200662607721783,DRAD_SCORE,DRAD_SCORE,
DDDC,DRAD,1.0,40,300,50,20,0.01,0.15,1e-05,0.4129608991856476,0.92,0.3799240272507958,62.64,2.42,0.08,8.10292746599314,0.768069672845979,0.4193136434388231,DRAD_SCORE,DRAD_SCORE,
DDDC,DRAD,1.0,60,270,50,20,0.01,0.15,1e-05,0.2563500195644905,0.96,0.2460960187819109,35.48,1.74,0.04,5.05033030911895,0.8875996287239903,0.4647812377721934,DRAD_SCORE,DRAD_SCORE,
DDDC,DRAD,1.0,80,270,50,20,0.01,0.15,1e-05,0.1866221353077963,1.0,0.1866221353077963,25.6,1.3,0.0,3.6873587484322674,0.9429262122317787,0.4518765914956686,DRAD_SCORE,DRAD_SCORE,
DDDC,DRAD,1.0,100,300,50,20,0.01,0.15,1e-05,0.1314901987046923,0.98,0.1288603947305984,18.56,1.0,0.02,2.709372583161,0.9742223492101624,0.4342549006476538,DRAD_SCORE,DRAD_SCORE,
DDDC,DRAD-CF-MPC,0.25,0,270,50,20,0.01,0.15,1e-05,0.848082285906266,0.88,0.746312411597514,112.7,0.58,0.12,17.96164571812532,0.4487465141609271,0.1519177140937339,NP,NP,zero_budget
DDDC,DRAD-CF-MPC,0.25,20,300,50,20,0.01,0.15,1e-05,0.4617709013914143,0.94,0.4340646473079295,58.82,2.38,0.06,9.588938765880307,0.7186489140955807,0.448524248840488,CDP,CDP,switched_with_counterfactual_gain
DDDC,DRAD-CF-MPC,0.25,40,270,50,20,0.01,0.15,1e-05,0.1956038536588436,1.0,0.1956038536588436,21.86,1.16,0.0,4.364386282932111,0.9017295999499602,0.5745686759579689,CDP,CDP_PHYSICS_95,switched_with_counterfactual_gain
DDDC,DRAD-CF-MPC,0.25,60,300,50,20,0.01,0.15,1e-05,0.1410519195823642,1.0,0.1410519195823642,15.5,0.76,0.0,3.2286203294013553,0.939869907546634,0.5368425502610222,CDP_PHYSICS_90,CDP_PHYSICS_90,switched_with_counterfactual_gain
DDDC,DRAD-CF-MPC,0.25,80,300,50,20,0.01,0.15,1e-05,0.1338160155250246,1.0,0.1338160155250246,15.46,0.58,0.0,2.926950623560356,0.9543289498560068,0.4812133247083197,RANK_ENSEMBLE,RANK_ENSEMBLE,switched_with_counterfactual_gain
DDDC,DRAD-CF-MPC,0.25,100,240,50,20,0.01,0.15,1e-05,0.0675309561020451,1.0,0.0675309561020451,8.48,0.4,0.0,1.8779024293265871,0.991160348844658,0.4662345219489774,RANK_ENSEMBLE,RANK_ENSEMBLE,switched_with_counterfactual_gain
DDDC,DRAD-CF-MPC,0.5,0,210,50,20,0.01,0.15,1e-05,0.8314604552681574,0.92,0.7649436188467048,106.32,2.0,0.08,17.62920910536315,0.4595507040756977,0.1685395447318426,NP,NP,zero_budget
DDDC,DRAD-CF-MPC,0.5,20,300,50,20,0.01,0.15,1e-05,0.4616139559699466,0.92,0.4246848394923509,58.74,2.3,0.08,9.586019581041008,0.718322734897061,0.4486550366917111,CDP,CDP_PHYSICS_90,switched_with_counterfactual_gain
DDDC,DRAD-CF-MPC,0.5,40,300,50,20,0.01,0.15,1e-05,0.1892759862099385,0.98,0.1854904664857398,22.58,0.96,0.02,4.255546962810944,0.9083608202593216,0.5790885812786154,CDP,CDP_PHYSICS_95,switched_with_counterfactual_gain
DDDC,DRAD-CF-MPC,0.5,60,300,50,20,0.01,0.15,1e-05,0.1674753051701238,1.0,0.1674753051701238,18.52,0.7,0.0,3.6461098216879577,0.9233445594552484,0.5203279342686726,CDP_PHYSICS_90,CDP_PHYSICS_90,switched_with_counterfactual_gain
DDDC,DRAD-CF-MPC,0.5,80,300,50,20,0.01,0.15,1e-05,0.1111967528694089,1.0,0.1111967528694089,12.82,0.72,0.0,2.601233241319489,0.9691542641523784,0.4937795817392172,CDP,RANK_ENSEMBLE,switched_with_counterfactual_gain
DDDC,DRAD-CF-MPC,0.5,100,240,50,20,0.01,0.15,1e-05,0.0656047295079188,1.0,0.0656047295079188,8.86,0.48,0.0,1.8528614836029444,0.9929161368356244,0.4671976352460405,RANK_ENSEMBLE,RANK_ENSEMBLE,switched_with_counterfactual_gain
DDDC,DRAD-CF-MPC,1.0,0,210,50,20,0.01,0.15,1e-05,0.8576676882278557,0.94,0.8062076269341842,107.98,1.42,0.06,18.15335376455711,0.4425160026518939,0.1423323117721444,NP,NP,zero_budget
DDDC,DRAD-CF-MPC,1.0,20,300,50,20,0.01,0.15,1e-05,0.5197459316496356,0.96,0.4989560943836501,65.48,2.36,0.04,10.667274328683224,0.6813651444277368,0.4002117236253035,CDP,CDP,switched_with_counterfactual_gain
DDDC,DRAD-CF-MPC,1.0,40,300,50,20,0.01,0.15,1e-05,0.1625342214333013,0.98,0.1592835370046353,20.22,1.08,0.02,3.795588608652783,0.9230465863855756,0.5981898418333562,CDP,CDP_PHYSICS_95,switched_with_counterfactual_gain
DDDC,DRAD-CF-MPC,1.0,60,300,50,20,0.01,0.15,1e-05,0.1639322424625845,1.0,0.1639322424625845,17.94,0.72,0.0,3.5901294309088354,0.9264792108123469,0.5225423484608847,CDP_PHYSICS_90,CDP_PHYSICS_90,switched_with_counterfactual_gain
DDDC,DRAD-CF-MPC,1.0,80,300,50,20,0.01,0.15,1e-05,0.1094637690120414,1.0,0.1094637690120414,12.9,0.66,0.0,2.5762782737733967,0.9693193472302865,0.4947423505488658,CDP,RANK_ENSEMBLE,switched_with_counterfactual_gain
DDDC,DRAD-CF-MPC,1.0,100,240,50,20,0.01,0.15,1e-05,0.0755277795006941,1.0,0.0755277795006941,9.98,0.4,0.0,1.981861133509024,0.990799301638982,0.4622361102496529,RANK_ENSEMBLE,RANK_ENSEMBLE,switched_with_counterfactual_gain
DDDC,NP,0.25,0,270,50,20,0.01,0.15,1e-05,0.848082285906266,0.88,0.746312411597514,112.7,0.58,0.12,17.96164571812532,0.4487465141609271,0.1519177140937339,NP,NP,
DDDC,NP,0.5,0,210,50,20,0.01,0.15,1e-05,0.8314604552681574,0.92,0.7649436188467048,106.32,2.0,0.08,17.62920910536315,0.4595507040756977,0.1685395447318426,NP,NP,
DDDC,NP,1.0,0,210,50,20,0.01,0.15,1e-05,0.8576676882278557,0.94,0.8062076269341842,107.98,1.42,0.06,18.15335376455711,0.4425160026518939,0.1423323117721444,NP,NP,
DDDC,PDP,0.25,0,270,50,20,0.01,0.15,1e-05,0.848082285906266,0.88,0.746312411597514,112.7,0.58,0.12,17.96164571812532,0.4487465141609271,0.1519177140937339,PDP,PDP,
DDDC,PDP,0.25,20,300,50,20,0.01,0.15,1e-05,0.7096659265857304,0.86,0.6103126968637281,103.78,0.74,0.14,14.199786234494589,0.5559171477192754,0.241945061178558,PDP,PDP,
DDDC,PDP,0.25,40,210,50,20,0.01,0.15,1e-05,0.5698410286758461,0.96,0.5470473875288122,83.18,1.98,0.04,10.801265693224554,0.6680033313607002,0.3072564080886814,PDP,PDP,
DDDC,PDP,0.25,60,300,50,20,0.01,0.15,1e-05,0.5519113901359395,0.88,0.4856820233196267,83.86,0.98,0.12,9.720199964147843,0.6940575964116394,0.2800553811650378,PDP,PDP,
DDDC,PDP,0.25,80,300,50,20,0.01,0.15,1e-05,0.5508192302089205,0.96,0.5287864610005637,75.68,1.16,0.04,8.931796915008455,0.7187675003642018,0.2495448721061552,PDP,PDP,
DDDC,PDP,0.25,100,270,50,20,0.01,0.15,1e-05,0.4286577599967983,0.92,0.3943651391970544,57.68,1.28,0.08,6.572550879958377,0.8133724560020812,0.2856711200016009,PDP,PDP,
DDDC,PDP,0.5,0,210,50,20,0.01,0.15,1e-05,0.8314604552681574,0.92,0.7649436188467048,106.32,2.0,0.08,17.62920910536315,0.4595507040756977,0.1685395447318426,PDP,PDP,
DDDC,PDP,0.5,20,300,50,20,0.01,0.15,1e-05,0.7495344397908252,0.9,0.6745809958117427,106.94,0.44,0.1,14.94134058010935,0.5308026141359636,0.2087213001743123,PDP,PDP,
DDDC,PDP,0.5,40,210,50,20,0.01,0.15,1e-05,0.5792216484841574,0.94,0.5444683495751079,84.72,1.7,0.06,10.962612353927504,0.6611059284852978,0.300555965368459,PDP,PDP,
DDDC,PDP,0.5,60,300,50,20,0.01,0.15,1e-05,0.5625984105869439,0.9,0.5063385695282495,85.0,1.08,0.1,9.889054887273714,0.6883110331184865,0.27337599338316,PDP,PDP,
DDDC,PDP,0.5,80,300,50,20,0.01,0.15,1e-05,0.5460244018343755,0.94,0.513262937724313,76.1,1.22,0.06,8.862751386415006,0.7202841388076558,0.2522086656475691,PDP,PDP,
DDDC,PDP,0.5,100,270,50,20,0.01,0.15,1e-05,0.4286577599967983,0.92,0.3943651391970544,57.68,1.28,0.08,6.572550879958377,0.8133724560020812,0.2856711200016009,PDP,PDP,
DDDC,PDP,1.0,0,210,50,20,0.01,0.15,1e-05,0.8576676882278557,0.94,0.8062076269341842,107.98,1.42,0.06,18.15335376455711,0.4425160026518939,0.1423323117721444,PDP,PDP,
DDDC,PDP,1.0,20,210,50,20,0.01,0.15,1e-05,0.703061994190489,0.96,0.6749395144228694,98.16,1.26,0.04,14.076953091943096,0.5622097037761822,0.2474483381745925,PDP,PDP,
DDDC,PDP,1.0,40,210,50,20,0.01,0.15,1e-05,0.562695916839899,0.92,0.517680243492707,84.06,1.54,0.08,10.67836976964626,0.6710476540540659,0.3123600594000722,PDP,PDP,
DDDC,PDP,1.0,60,300,50,20,0.01,0.15,1e-05,0.5625984105869439,0.9,0.5063385695282495,85.0,1.08,0.1,9.889054887273714,0.6883110331184865,0.27337599338316,PDP,PDP,
DDDC,PDP,1.0,80,300,50,20,0.01,0.15,1e-05,0.5460244018343755,0.94,0.513262937724313,76.1,1.22,0.06,8.862751386415006,0.7202841388076558,0.2522086656475691,PDP,PDP,
DDDC,PDP,1.0,100,270,50,20,0.01,0.15,1e-05,0.4286577599967983,0.92,0.3943651391970544,57.68,1.28,0.08,6.572550879958377,0.8133724560020812,0.2856711200016009,PDP,PDP,
DDDC,RP,0.25,0,270,50,20,0.01,0.15,1e-05,0.848082285906266,0.88,0.746312411597514,112.7,0.58,0.12,17.96164571812532,0.4487465141609271,0.1519177140937339,RP,RP,
DDDC,RP,0.25,20,210,50,20,0.01,0.15,1e-05,0.6726621988068686,0.96,0.6457557108545938,85.64,2.0,0.04,13.511516897807756,0.5819695707755355,0.2727815009942762,RP,RP,
DDDC,RP,0.25,40,300,50,20,0.01,0.15,1e-05,0.7136730358550831,0.94,0.6708526537037781,88.82,1.32,0.06,13.275176216707433,0.573712526694196,0.204519260103512,RP,RP,
DDDC,RP,0.25,60,300,50,20,0.01,0.15,1e-05,0.5643557950414116,0.9,0.5079202155372705,74.26,1.62,0.1,9.916821561654302,0.6871687332230825,0.2722776280991177,RP,RP,
DDDC,RP,0.25,80,300,50,20,0.01,0.15,1e-05,0.4252433668685383,0.94,0.399728764856426,54.92,1.26,0.06,7.123504482906952,0.7942289120466599,0.3193092406285898,RP,RP,
DDDC,RP,0.25,100,300,50,20,0.01,0.15,1e-05,0.2307478317278409,0.92,0.2122880051896136,31.26,0.82,0.08,3.999721812461931,0.9254581202948128,0.3846260841360795,RP,RP,
DDDC,RP,0.5,0,210,50,20,0.01,0.15,1e-05,0.8314604552681574,0.92,0.7649436188467048,106.32,2.0,0.08,17.62920910536315,0.4595507040756977,0.1685395447318426,RP,RP,
DDDC,RP,0.5,20,210,50,20,0.01,0.15,1e-05,0.7239802586622504,0.94,0.6805414431425153,91.62,1.68,0.06,14.46603281111786,0.5482128318695372,0.2300164511147913,RP,RP,
DDDC,RP,0.5,40,300,50,20,0.01,0.15,1e-05,0.7108821857628126,0.9,0.6397939671865314,92.74,1.08,0.1,13.227173595120378,0.5739265792541718,0.2065127244551338,RP,RP,
DDDC,RP,0.5,60,300,50,20,0.01,0.15,1e-05,0.5885657367739726,0.9,0.5297091630965753,78.3,1.3,0.1,10.299338641028768,0.6711478892658167,0.2571464145162671,RP,RP,
DDDC,RP,0.5,80,300,50,20,0.01,0.15,1e-05,0.4662158640256075,0.98,0.4568915467450953,59.64,1.28,0.02,7.713508441968747,0.7732711474149089,0.2965467422079959,RP,RP,
DDDC,RP,0.5,100,300,50,20,0.01,0.15,1e-05,0.2307478317278409,0.92,0.2122880051896136,31.26,0.82,0.08,3.999721812461931,0.9254581202948128,0.3846260841360795,RP,RP,
DDDC,RP,1.0,0,210,50,20,0.01,0.15,1e-05,0.8576676882278557,0.94,0.8062076269341842,107.98,1.42,0.06,18.15335376455711,0.4425160026518939,0.1423323117721444,RP,RP,
DDDC,RP,1.0,20,210,50,20,0.01,0.15,1e-05,0.7190156199385026,0.92,0.6614943703434224,91.36,1.68,0.08,14.37369053085615,0.5510398470399732,0.2341536500512477,RP,RP,
DDDC,RP,1.0,40,300,50,20,0.01,0.15,1e-05,0.701275388849949,0.88,0.6171223421879551,92.08,1.1,0.12,13.061936688219124,0.5793709972475333,0.2133747222500364,RP,RP,
DDDC,RP,1.0,60,300,50,20,0.01,0.15,1e-05,0.5885657367739726,0.9,0.5297091630965753,78.3,1.3,0.1,10.299338641028768,0.6711478892658167,0.2571464145162671,RP,RP,
DDDC,RP,1.0,80,300,50,20,0.01,0.15,1e-05,0.4662158640256075,0.98,0.4568915467450953,59.64,1.28,0.02,7.713508441968747,0.7732711474149089,0.2965467422079959,RP,RP,
DDDC,RP,1.0,100,300,50,20,0.01,0.15,1e-05,0.2307478317278409,0.92,0.2122880051896136,31.26,0.82,0.08,3.999721812461931,0.9254581202948128,0.3846260841360795,RP,RP,
RC,CDP,0.25,0,210,50,20,0.01,0.15,1e-05,0.8161397771323489,0.92,0.750848594961761,101.58,2.06,0.08,17.322795542646976,0.4695091448639732,0.1838602228676511,CDP,CDP,
RC,CDP,0.25,20,300,50,20,0.01,0.15,1e-05,0.4614319707343493,0.92,0.4245174130756014,57.92,2.48,0.08,9.582634655658898,0.7184341604826224,0.4488066910547089,CDP,CDP,
RC,CDP,0.25,40,270,50,20,0.01,0.15,1e-05,0.1714662477235361,1.0,0.1714662477235361,20.06,1.1,0.0,3.949219460844821,0.9173431882277224,0.5918098230546172,CDP,CDP,
RC,CDP,0.25,60,300,50,20,0.01,0.15,1e-05,0.1342155660635458,1.0,0.1342155660635458,15.44,0.54,0.0,3.120605943804025,0.9380564368965352,0.5411152712102839,CDP,CDP,
RC,CDP,0.25,80,300,50,20,0.01,0.15,1e-05,0.144049883764914,1.0,0.144049883764914,16.42,0.58,0.0,3.0743183262147618,0.9473910768743424,0.4755278423528255,CDP,CDP,
RC,CDP,0.25,100,300,50,20,0.01,0.15,1e-05,0.0922813903484797,0.96,0.0885901347345406,10.8,0.46,0.04,2.199658074530238,0.9808819927184084,0.4538593048257601,CDP,CDP,
RC,CDP,0.5,0,210,50,20,0.01,0.15,1e-05,0.8468791908153301,0.92,0.7791288555501038,106.32,2.0,0.08,17.937583816306606,0.4495285259700353,0.1531208091846698,CDP,CDP,
RC,CDP,0.5,20,300,50,20,0.01,0.15,1e-05,0.5053141134092274,0.96,0.4851015488728583,61.68,1.94,0.04,10.39884250941163,0.6907458262840023,0.4122382388256438,CDP,CDP,
RC,CDP,0.5,40,300,50,20,0.01,0.15,1e-05,0.1648015884018113,0.96,0.1582095248657389,21.76,0.9,0.04,3.834587320511156,0.9226951271038176,0.5965702939987062,CDP,CDP,
RC,CDP,0.5,60,300,50,20,0.01,0.15,1e-05,0.1270004207006444,1.0,0.1270004207006444,14.32,0.66,0.0,3.0066066470701815,0.946955495503184,0.5456247370620972,CDP,CDP,
RC,CDP,0.5,80,300,50,20,0.01,0.15,1e-05,0.1052409299149476,1.0,0.1052409299149476,12.04,0.66,0.0,2.515469390775246,0.9717788390880736,0.4970883722694735,CDP,CDP,
RC,CDP,0.5,100,300,50,20,0.01,0.15,1e-05,0.0922813903484797,0.96,0.0885901347345406,10.8,0.46,0.04,2.199658074530238,0.9808819927184084,0.4538593048257601,CDP,CDP,
RC,CDP,1.0,0,210,50,20,0.01,0.15,1e-05,0.8737665300153449,0.94,0.8213405382144241,107.98,1.42,0.06,18.4753306003069,0.4320517554900256,0.1262334699846549,CDP,CDP,
RC,CDP,1.0,20,300,50,20,0.01,0.15,1e-05,0.532130250693418,0.94,0.5002024356518129,64.14,2.24,0.06,10.897622662897575,0.672880278509228,0.389891457755485,CDP,CDP,
RC,CDP,1.0,40,300,50,20,0.01,0.15,1e-05,0.2063904832778462,1.0,0.2063904832778462,24.66,1.14,0.0,4.549916312378956,0.8955209298079018,0.5668639405158241,CDP,CDP,
RC,CDP,1.0,60,300,50,20,0.01,0.15,1e-05,0.1270004207006444,1.0,0.1270004207006444,14.32,0.66,0.0,3.0066066470701815,0.946955495503184,0.5456247370620972,CDP,CDP,
RC,CDP,1.0,80,300,50,20,0.01,0.15,1e-05,0.1052409299149476,1.0,0.1052409299149476,12.04,0.66,0.0,2.515469390775246,0.9717788390880736,0.4970883722694735,CDP,CDP,
RC,CDP,1.0,100,300,50,20,0.01,0.15,1e-05,0.0922813903484797,0.96,0.0885901347345406,10.8,0.46,0.04,2.199658074530238,0.9808819927184084,0.4538593048257601,CDP,CDP,
RC,CP,0.25,0,210,50,20,0.01,0.15,1e-05,0.8161397771323489,0.92,0.750848594961761,101.58,2.06,0.08,17.322795542646976,0.4695091448639732,0.1838602228676511,CP,CP,
RC,CP,0.25,20,300,50,20,0.01,0.15,1e-05,0.7569675669720598,0.9,0.6812708102748538,106.04,0.76,0.1,15.079596745680314,0.5259710814681612,0.2025270275232835,CP,CP,
RC,CP,0.25,40,300,50,20,0.01,0.15,1e-05,0.6057582429910624,0.86,0.5209520889723137,89.38,1.08,0.14,11.41904177944627,0.6406571420558095,0.281601255006384,CP,CP,
RC,CP,0.25,60,300,50,20,0.01,0.15,1e-05,0.4662714109736699,0.92,0.4289696980957763,68.38,1.58,0.08,8.367088293383986,0.7510565963012185,0.3335803681414562,CP,CP,
RC,CP,0.25,80,270,50,20,0.01,0.15,1e-05,0.3809566854938899,0.96,0.3657184180741343,52.72,1.76,0.04,6.485776271112013,0.8277854837326888,0.3439129525033945,CP,CP,
RC,CP,0.25,100,300,50,20,0.01,0.15,1e-05,0.2873560680016327,0.9,0.2586204612014695,40.62,1.16,0.1,4.735628884021225,0.9023971360806587,0.3563219659991836,CP,CP,
RC,CP,0.5,0,210,50,20,0.01,0.15,1e-05,0.8468791908153301,0.92,0.7791288555501038,106.32,2.0,0.08,17.937583816306606,0.4495285259700353,0.1531208091846698,CP,CP,
RC,CP,0.5,20,270,50,20,0.01,0.15,1e-05,0.7605522866902268,0.94,0.7149191494888132,104.14,0.64,0.06,15.146272532438218,0.5244410136513526,0.1995397610914776,CP,CP,
RC,CP,0.5,40,300,50,20,0.01,0.15,1e-05,0.6504986682450311,0.88,0.5724388280556274,94.7,0.9,0.12,12.188577093814532,0.6123758656407298,0.2496438083964063,CP,CP,
RC,CP,0.5,60,300,50,20,0.01,0.15,1e-05,0.5394731826642439,0.92,0.4963153280511044,75.76,1.7,0.08,9.523676286095055,0.7045424312682416,0.2878292608348476,CP,CP,
RC,CP,0.5,80,270,50,20,0.01,0.15,1e-05,0.4013717029161851,0.96,0.3853168347995377,55.28,1.62,0.04,6.779752521993063,0.8159083931044799,0.3325712761576749,CP,CP,
RC,CP,0.5,100,300,50,20,0.01,0.15,1e-05,0.2873560680016327,0.9,0.2586204612014695,40.62,1.16,0.1,4.735628884021225,0.9023971360806587,0.3563219659991836,CP,CP,
RC,CP,1.0,0,210,50,20,0.01,0.15,1e-05,0.8737665300153449,0.94,0.8213405382144241,107.98,1.42,0.06,18.4753306003069,0.4320517554900256,0.1262334699846549,CP,CP,
RC,CP,1.0,20,270,50,20,0.01,0.15,1e-05,0.7737673353715466,0.94,0.7273412952492538,104.3,0.76,0.06,15.392072437910764,0.5158512320084948,0.1885272205237112,CP,CP,
RC,CP,1.0,40,240,50,20,0.01,0.15,1e-05,0.6167432716810496,0.96,0.5920735408138076,87.02,1.22,0.04,11.607984272914052,0.6375168734073178,0.2737548059421075,CP,CP,
RC,CP,1.0,60,300,50,20,0.01,0.15,1e-05,0.5394731826642439,0.92,0.4963153280511044,75.76,1.7,0.08,9.523676286095055,0.7045424312682416,0.2878292608348476,CP,CP,
RC,CP,1.0,80,270,50,20,0.01,0.15,1e-05,0.4013717029161851,0.96,0.3853168347995377,55.28,1.62,0.04,6.779752521993063,0.8159083931044799,0.3325712761576749,CP,CP,
RC,CP,1.0,100,300,50,20,0.01,0.15,1e-05,0.2873560680016327,0.9,0.2586204612014695,40.62,1.16,0.1,4.735628884021225,0.9023971360806587,0.3563219659991836,CP,CP,
RC,DRAD,0.25,0,210,50,20,0.01,0.15,1e-05,0.8161397771323489,0.92,0.750848594961761,101.58,2.06,0.08,17.322795542646976,0.4695091448639732,0.1838602228676511,DRAD_SCORE,DRAD_SCORE,
RC,DRAD,0.25,20,300,50,20,0.01,0.15,1e-05,0.5130119367249785,0.96,0.4924914592559793,65.98,2.36,0.04,10.5420220230846,0.685742241128764,0.4058233860625179,DRAD_SCORE,DRAD_SCORE,
RC,DRAD,0.25,40,300,50,20,0.01,0.15,1e-05,0.3352091100014132,0.96,0.3218007456013567,46.08,1.74,0.04,6.7655966920243085,0.8198202651300455,0.4748506357132762,DRAD_SCORE,DRAD_SCORE,
RC,DRAD,0.25,60,240,50,20,0.01,0.15,1e-05,0.1759964016865821,1.0,0.1759964016865821,23.04,1.34,0.0,3.7807431466479984,0.9356717147674112,0.5150022489458861,DRAD_SCORE,DRAD_SCORE,
RC,DRAD,0.25,80,300,50,20,0.01,0.15,1e-05,0.163008205848786,0.98,0.1597480417318103,21.6,0.98,0.02,3.347318164222518,0.9489602783236104,0.4649954411951189,DRAD_SCORE,DRAD_SCORE,
RC,DRAD,0.25,100,300,50,20,0.01,0.15,1e-05,0.131109173298358,0.98,0.1284869898323908,16.94,0.56,0.02,2.704419252878655,0.9723768670211468,0.4344454133508209,DRAD_SCORE,DRAD_SCORE,
RC,DRAD,0.5,0,210,50,20,0.01,0.15,1e-05,0.8468791908153301,0.92,0.7791288555501038,106.32,2.0,0.08,17.937583816306606,0.4495285259700353,0.1531208091846698,DRAD_SCORE,DRAD_SCORE,
RC,DRAD,0.5,20,300,50,20,0.01,0.15,1e-05,0.4983398647656562,0.92,0.4584726755844037,66.08,2.14,0.08,10.269121484641207,0.6944790879023235,0.4180501126952864,DRAD_SCORE,DRAD_SCORE,
RC,DRAD,0.5,40,300,50,20,0.01,0.15,1e-05,0.34705398351648,0.94,0.3262307445054911,47.1,1.88,0.06,6.969328516483455,0.8117323348372971,0.4663900117739429,DRAD_SCORE,DRAD_SCORE,
RC,DRAD,0.5,60,240,50,20,0.01,0.15,1e-05,0.2048947461277273,0.98,0.2007968512051727,26.36,1.0,0.02,4.237336988818091,0.9195845588873792,0.4969407836701703,DRAD_SCORE,DRAD_SCORE,
RC,DRAD,0.5,80,300,50,20,0.01,0.15,1e-05,0.1620154479034575,1.0,0.1620154479034575,20.78,0.94,0.0,3.3330224498097873,0.9539160044145026,0.465546973386968,DRAD_SCORE,DRAD_SCORE,
RC,DRAD,0.5,100,300,50,20,0.01,0.15,1e-05,0.1404051110811173,0.98,0.137597008859495,17.76,0.6,0.02,2.8252664440545256,0.9668198039260676,0.4297974444594413,DRAD_SCORE,DRAD_SCORE,
RC,DRAD,1.0,0,210,50,20,0.01,0.15,1e-05,0.8737665300153449,0.94,0.8213405382144241,107.98,1.42,0.06,18.4753306003069,0.4320517554900256,0.1262334699846549,DRAD_SCORE,DRAD_SCORE,
RC,DRAD,1.0,20,300,50,20,0.01,0.15,1e-05,0.5531649477002606,0.96,0.5310383497922502,72.78,2.2,0.04,11.288868027224844,0.6596427839948305,0.3723625435831161,DRAD_SCORE,DRAD_SCORE,
RC,DRAD,1.0,40,300,50,20,0.01,0.15,1e-05,0.3438945012106461,0.94,0.3232608311380073,47.7,2.12,0.06,6.914985420823114,0.8137535702272352,0.4686467848495385,DRAD_SCORE,DRAD_SCORE,
RC,DRAD,1.0,60,270,50,20,0.01,0.15,1e-05,0.226447532166071,0.94,0.2128606802361067,30.16,1.54,0.06,4.577871008223922,0.9041426236956112,0.4834702923962056,DRAD_SCORE,DRAD_SCORE,
RC,DRAD,1.0,80,300,50,20,0.01,0.15,1e-05,0.1537437078594739,1.0,0.1537437078594739,19.84,0.84,0.0,3.213909393176424,0.959025221364304,0.4701423845225144,DRAD_SCORE,DRAD_SCORE,
RC,DRAD,1.0,100,300,50,20,0.01,0.15,1e-05,0.1352561082964401,0.98,0.1325509861305113,16.86,0.72,0.02,2.758329407853721,0.9677310058163217,0.4323719458517799,DRAD_SCORE,DRAD_SCORE,
RC,DRAD-CF-MPC,0.25,0,210,50,20,0.01,0.15,1e-05,0.8161397771323489,0.92,0.750848594961761,101.58,2.06,0.08,17.322795542646976,0.4695091448639732,0.1838602228676511,NP,NP,zero_budget
RC,DRAD-CF-MPC,0.25,20,300,50,20,0.01,0.15,1e-05,0.4715686132041735,0.9,0.4244117518837561,60.0,1.96,0.1,9.771176205597628,0.7114453428772368,0.4403594889965221,CDP,CDP_PHYSICS_90,switched_with_counterfactual_gain
RC,DRAD-CF-MPC,0.25,40,270,50,20,0.01,0.15,1e-05,0.1693522743973017,1.0,0.1693522743973017,20.34,1.22,0.0,3.912859119633589,0.9188723669846816,0.5933198040019273,CDP,CDP_PHYSICS_95,switched_with_counterfactual_gain
RC,DRAD-CF-MPC,0.25,60,300,50,20,0.01,0.15,1e-05,0.1159645954346154,1.0,0.1159645954346154,14.48,0.72,0.0,2.8322406078669236,0.9514462400878786,0.5525221278533654,CDP,CDP_PHYSICS_95,switched_with_counterfactual_gain
RC,DRAD-CF-MPC,0.25,80,300,50,20,0.01,0.15,1e-05,0.103690190340315,0.98,0.1016163865335087,13.66,0.62,0.02,2.493138740900537,0.967822570692612,0.4979498942553805,RANK_ENSEMBLE,RANK_ENSEMBLE,switched_with_counterfactual_gain
RC,DRAD-CF-MPC,0.25,100,300,50,20,0.01,0.15,1e-05,0.0672994966757308,0.98,0.0659535067422162,8.6,0.42,0.02,1.8748934567845017,0.9895960201978014,0.4663502516621345,RANK_ENSEMBLE,RANK_ENSEMBLE,switched_with_counterfactual_gain
RC,DRAD-CF-MPC,0.5,0,210,50,20,0.01,0.15,1e-05,0.8468791908153301,0.92,0.7791288555501038,106.32,2.0,0.08,17.937583816306606,0.4495285259700353,0.1531208091846698,NP,NP,zero_budget
RC,DRAD-CF-MPC,0.5,20,300,50,20,0.01,0.15,1e-05,0.5017203873737734,0.96,0.4816515718788225,61.38,1.9,0.04,10.331999205152185,0.6930817482070474,0.4152330105218555,CDP,CDP,switched_with_counterfactual_gain
RC,DRAD-CF-MPC,0.5,40,300,50,20,0.01,0.15,1e-05,0.1982093684898344,1.0,0.1982093684898344,24.16,0.98,0.0,4.409201138025153,0.903186930150628,0.5727075939358326,CDP,CDP_PHYSICS_95,switched_with_counterfactual_gain
RC,DRAD-CF-MPC,0.5,60,300,50,20,0.01,0.15,1e-05,0.1127742096684633,0.98,0.1105187254750941,14.22,0.54,0.02,2.7818325127617216,0.9554102062717444,0.5545161189572103,CDP,RANK_ENSEMBLE,switched_with_counterfactual_gain
RC,DRAD-CF-MPC,0.5,80,300,50,20,0.01,0.15,1e-05,0.1025623275653024,0.98,0.1005110810139964,12.84,0.7,0.02,2.476897516940355,0.9700874328572952,0.498576484685943,RANK_ENSEMBLE,RANK_ENSEMBLE,switched_with_counterfactual_gain
RC,DRAD-CF-MPC,0.5,100,240,50,20,0.01,0.15,1e-05,0.0649343190568758,1.0,0.0649343190568758,8.2,0.28,0.0,1.844146147739386,0.9940354478205088,0.4675328404715621,RANK_ENSEMBLE,RANK_ENSEMBLE,switched_with_counterfactual_gain
RC,DRAD-CF-MPC,1.0,0,210,50,20,0.01,0.15,1e-05,0.8737665300153449,0.94,0.8213405382144241,107.98,1.42,0.06,18.4753306003069,0.4320517554900256,0.1262334699846549,NP,NP,zero_budget
RC,DRAD-CF-MPC,1.0,20,300,50,20,0.01,0.15,1e-05,0.5530750524061253,0.92,0.5088290482136353,68.26,2.18,0.08,11.28719597475393,0.6589012159360185,0.3724374563282289,CDP,CDP_PHYSICS_95,switched_with_counterfactual_gain
RC,DRAD-CF-MPC,1.0,40,300,50,20,0.01,0.15,1e-05,0.2072880403443862,0.98,0.2031422795374985,25.88,1.0,0.02,4.565354293923443,0.8939964715385238,0.5662228283254385,CDP,CDP_PHYSICS_95,switched_with_counterfactual_gain
RC,DRAD-CF-MPC,1.0,60,300,50,20,0.01,0.15,1e-05,0.1238632464443297,0.98,0.1213859815154431,15.46,0.56,0.02,2.9570392938204098,0.9494791508749284,0.5475854709722938,CDP,CDP_PDP_90,switched_with_counterfactual_gain
RC,DRAD-CF-MPC,1.0,80,300,50,20,0.01,0.15,1e-05,0.0965192089750423,0.98,0.0945888247955415,12.64,0.6,0.02,2.38987660924061,0.9750562234106,0.5019337727916431,RANK_ENSEMBLE,RANK_ENSEMBLE,switched_with_counterfactual_gain
RC,DRAD-CF-MPC,1.0,100,240,50,20,0.01,0.15,1e-05,0.0642991061585069,1.0,0.0642991061585069,8.02,0.32,0.0,1.8358883800605903,0.9930361709784647,0.4678504469207464,RANK_ENSEMBLE,RANK_ENSEMBLE,switched_with_counterfactual_gain
RC,NP,0.25,0,210,50,20,0.01,0.15,1e-05,0.8161397771323489,0.92,0.750848594961761,101.58,2.06,0.08,17.322795542646976,0.4695091448639732,0.1838602228676511,NP,NP,
RC,NP,0.5,0,210,50,20,0.01,0.15,1e-05,0.8468791908153301,0.92,0.7791288555501038,106.32,2.0,0.08,17.937583816306606,0.4495285259700353,0.1531208091846698,NP,NP,
RC,NP,1.0,0,210,50,20,0.01,0.15,1e-05,0.8737665300153449,0.94,0.8213405382144241,107.98,1.42,0.06,18.4753306003069,0.4320517554900256,0.1262334699846549,NP,NP,
RC,PDP,0.25,0,210,50,20,0.01,0.15,1e-05,0.8161397771323489,0.92,0.750848594961761,101.58,2.06,0.08,17.322795542646976,0.4695091448639732,0.1838602228676511,PDP,PDP,
RC,PDP,0.25,20,300,50,20,0.01,0.15,1e-05,0.7067589395009215,0.86,0.6078126879707925,101.18,0.98,0.14,14.14571627471714,0.557806689324401,0.2443675504158987,PDP,PDP,
RC,PDP,0.25,40,300,50,20,0.01,0.15,1e-05,0.6148296589168449,0.86,0.5287535066684866,90.24,1.18,0.14,11.575070133369731,0.6347607217040508,0.2751216722022537,PDP,PDP,
RC,PDP,0.25,60,300,50,20,0.01,0.15,1e-05,0.5115404522108258,0.92,0.4706172160339597,72.54,1.5,0.08,9.082339144931048,0.7226987060629634,0.3052872173682338,PDP,PDP,
RC,PDP,0.25,80,300,50,20,0.01,0.15,1e-05,0.364858377447382,0.94,0.342966874800539,50.9,1.24,0.06,6.253960635242301,0.835510680414804,0.3528564569736766,PDP,PDP,
RC,PDP,0.25,100,300,50,20,0.01,0.15,1e-05,0.3318501111307033,0.88,0.2920280977950188,45.28,1.4,0.12,5.3140514446991425,0.8710167199181599,0.3340749444346483,PDP,PDP,
RC,PDP,0.5,0,210,50,20,0.01,0.15,1e-05,0.8468791908153301,0.92,0.7791288555501038,106.32,2.0,0.08,17.937583816306606,0.4495285259700353,0.1531208091846698,PDP,PDP,
RC,PDP,0.5,20,210,50,20,0.01,0.15,1e-05,0.6816133522794868,0.98,0.6679810852338971,92.0,1.78,0.02,13.678008352398455,0.5765513210183336,0.265322206433761,PDP,PDP,
RC,PDP,0.5,40,300,50,20,0.01,0.15,1e-05,0.6449825196228356,0.88,0.5675846172680953,93.58,1.14,0.12,12.093699337512774,0.6159613622451569,0.2535839145551174,PDP,PDP,
RC,PDP,0.5,60,300,50,20,0.01,0.15,1e-05,0.5638246200241155,0.88,0.4961656656212216,79.76,1.1,0.12,9.908428996381026,0.686313996984325,0.2726096124849278,PDP,PDP,
RC,PDP,0.5,80,300,50,20,0.01,0.15,1e-05,0.4114254385747774,0.94,0.3867399122602907,56.58,1.42,0.06,6.924526315476795,0.8077734649263947,0.3269858674584569,PDP,PDP,
RC,PDP,0.5,100,300,50,20,0.01,0.15,1e-05,0.3318501111307033,0.88,0.2920280977950188,45.28,1.4,0.12,5.3140514446991425,0.8710167199181599,0.3340749444346483,PDP,PDP,
RC,PDP,1.0,0,210,50,20,0.01,0.15,1e-05,0.8737665300153449,0.94,0.8213405382144241,107.98,1.42,0.06,18.4753306003069,0.4320517554900256,0.1262334699846549,PDP,PDP,
RC,PDP,1.0,20,270,50,20,0.01,0.15,1e-05,0.7325431242177376,0.9,0.6592888117959639,100.62,0.8,0.1,14.625302110449915,0.5418469692584706,0.222880729818552,PDP,PDP,
RC,PDP,1.0,40,300,50,20,0.01,0.15,1e-05,0.6677802099754833,0.9,0.601002188977935,95.64,1.2,0.1,12.48581961157831,0.6019428635159358,0.2372998500175119,PDP,PDP,
RC,PDP,1.0,60,300,50,20,0.01,0.15,1e-05,0.5638246200241155,0.88,0.4961656656212216,79.76,1.1,0.12,9.908428996381026,0.686313996984325,0.2726096124849278,PDP,PDP,
RC,PDP,1.0,80,300,50,20,0.01,0.15,1e-05,0.4114254385747774,0.94,0.3867399122602907,56.58,1.42,0.06,6.924526315476795,0.8077734649263947,0.3269858674584569,PDP,PDP,
RC,PDP,1.0,100,300,50,20,0.01,0.15,1e-05,0.3318501111307033,0.88,0.2920280977950188,45.28,1.4,0.12,5.3140514446991425,0.8710167199181599,0.3340749444346483,PDP,PDP,
RC,RP,0.25,0,210,50,20,0.01,0.15,1e-05,0.8161397771323489,0.92,0.750848594961761,101.58,2.06,0.08,17.322795542646976,0.4695091448639732,0.1838602228676511,RP,RP,
RC,RP,0.25,20,210,50,20,0.01,0.15,1e-05,0.6967853484561262,0.96,0.6689139345178811,85.64,2.0,0.04,13.960207481283952,0.5662895235035179,0.2526788762865615,RP,RP,
RC,RP,0.25,40,300,50,20,0.01,0.15,1e-05,0.7297746538606408,0.94,0.6859881746290023,88.82,1.32,0.06,13.55212404640302,0.5632464749905833,0.1930181043852565,RP,RP,
RC,RP,0.25,60,300,50,20,0.01,0.15,1e-05,0.5792986267159922,0.9,0.521368764044393,74.26,1.62,0.1,10.152918302112678,0.677455892634605,0.2629383583025048,RP,RP,
RC,RP,0.25,80,300,50,20,0.01,0.15,1e-05,0.4603616755582074,0.94,0.4327399750247149,54.92,1.26,0.06,7.629208128038187,0.7716916042376001,0.2997990691343292,RP,RP,
RC,RP,0.25,100,300,50,20,0.01,0.15,1e-05,0.2419256753661955,0.92,0.2225716213368999,31.26,0.82,0.08,4.145033779760541,0.9222026088354583,0.3790371623169022,RP,RP,
RC,RP,0.5,0,210,50,20,0.01,0.15,1e-05,0.8468791908153301,0.92,0.7791288555501038,106.32,2.0,0.08,17.937583816306606,0.4495285259700353,0.1531208091846698,RP,RP,
RC,RP,0.5,20,210,50,20,0.01,0.15,1e-05,0.7428890059836907,0.94,0.6983156656246692,91.62,1.68,0.06,14.817735511296648,0.5359221461106011,0.2142591616802578,RP,RP,
RC,RP,0.5,40,300,50,20,0.01,0.15,1e-05,0.729608663136354,0.9,0.6566477968227186,92.74,1.08,0.1,13.549269005945284,0.56175436896137,0.1931366691883186,RP,RP,
RC,RP,0.5,60,300,50,20,0.01,0.15,1e-05,0.6111073020431212,0.9,0.5499965718388091,78.3,1.3,0.1,10.655495372281315,0.6565873998944254,0.2430579362230492,RP,RP,
RC,RP,0.5,80,300,50,20,0.01,0.15,1e-05,0.5025342266184913,0.98,0.4924835420861215,59.64,1.28,0.02,8.236492863306275,0.7500739914231527,0.2763698741008381,RP,RP,
RC,RP,0.5,100,300,50,20,0.01,0.15,1e-05,0.2419256753661955,0.92,0.2225716213368999,31.26,0.82,0.08,4.145033779760541,0.9222026088354583,0.3790371623169022,RP,RP,
RC,RP,1.0,0,210,50,20,0.01,0.15,1e-05,0.8737665300153449,0.94,0.8213405382144241,107.98,1.42,0.06,18.4753306003069,0.4320517554900256,0.1262334699846549,RP,RP,
RC,RP,1.0,20,210,50,20,0.01,0.15,1e-05,0.7384382898058849,0.92,0.6793632266214141,91.36,1.68,0.08,14.73495219038946,0.5384151116261748,0.2179680918284292,RP,RP,
RC,RP,1.0,40,300,50,20,0.01,0.15,1e-05,0.7194021731426358,0.88,0.6330739123655195,92.08,1.1,0.12,13.373717378053335,0.5675885874572867,0.2004270191838315,RP,RP,
RC,RP,1.0,60,300,50,20,0.01,0.15,1e-05,0.6111073020431212,0.9,0.5499965718388091,78.3,1.3,0.1,10.655495372281315,0.6565873998944254,0.2430579362230492,RP,RP,
RC,RP,1.0,80,300,50,20,0.01,0.15,1e-05,0.5025342266184913,0.98,0.4924835420861215,59.64,1.28,0.02,8.236492863306275,0.7500739914231527,0.2763698741008381,RP,RP,
RC,RP,1.0,100,300,50,20,0.01,0.15,1e-05,0.2419256753661955,0.92,0.2225716213368999,31.26,0.82,0.08,4.145033779760541,0.9222026088354583,0.3790371623169022,RP,RP,
