pattern,strategy_DRAD,attack_information_ratio,defense_budget,T_opt_DRAD,n_runs_DRAD,lookahead_runs_DRAD,infection_rate_DRAD,activation_rate_DRAD,detection_rate_DRAD,PAS_at_T_opt_DRAD,PS_at_T_opt_DRAD,EP_max_DRAD,mean_active_infectious_DRAD,mean_exposed_DRAD,mean_detected_DRAD,RT_DRAD,RI_DRAD,RE_DRAD,selected_policy_mode_DRAD,best_before_guard_mode_DRAD,safe_guard_mode_DRAD,strategy_CDP,T_opt_CDP,n_runs_CDP,lookahead_runs_CDP,infection_rate_CDP,activation_rate_CDP,detection_rate_CDP,PAS_at_T_opt_CDP,PS_at_T_opt_CDP,EP_max_CDP,mean_active_infectious_CDP,mean_exposed_CDP,mean_detected_CDP,RT_CDP,RI_CDP,RE_CDP,selected_policy_mode_CDP,best_before_guard_mode_CDP,safe_guard_mode_CDP,EP_improvement_vs_CDP_percent
DCAC,DRAD-CF-MPC,0.25,0,210,50,20,0.01,0.15,1e-05,0.8398174119327401,0.92,0.772632018978121,101.58,2.06,0.08,17.7963482386548,0.4541186822437189,0.1601825880672599,NP,NP,zero_budget,CDP,210,50,20,0.01,0.15,1e-05,0.8398174119327401,0.92,0.772632018978121,101.58,2.06,0.08,17.7963482386548,0.4541186822437189,0.1601825880672599,CDP,CDP,,0.0
DCAC,DRAD-CF-MPC,0.25,20,300,50,20,0.01,0.15,1e-05,0.4503652163432072,0.94,0.4233433033626148,54.82,2.1,0.06,9.376793023983655,0.7258455326576125,0.4580289863806606,CDP,CDP,switched_with_counterfactual_gain,CDP,300,50,20,0.01,0.15,1e-05,0.4602603924370765,0.92,0.4234395610421104,57.92,2.48,0.08,9.560843299329624,0.7191975417361727,0.4497830063024363,CDP,CDP,,0.0227323302665654
DCAC,DRAD-CF-MPC,0.25,40,300,50,20,0.01,0.15,1e-05,0.1617559980246679,0.96,0.1552857581036812,20.58,1.2,0.04,3.782203166024288,0.9238488084454012,0.5987457156966659,CDP,CDP_PHYSICS_95,switched_with_counterfactual_gain,CDP,300,50,20,0.01,0.15,1e-05,0.1789835688628275,0.96,0.1718242261083144,22.34,1.04,0.04,4.078517384440633,0.912875214688106,0.5864403079551233,CDP,CDP,,9.625224788797508
DCAC,DRAD-CF-MPC,0.25,60,300,50,20,0.01,0.15,1e-05,0.1195035026907604,1.0,0.1195035026907604,14.28,0.46,0.0,2.888155342514016,0.9473516471379057,0.5503103108182748,CDP_PHYSICS_90,CDP_PHYSICS_90,switched_with_counterfactual_gain,CDP,300,50,20,0.01,0.15,1e-05,0.1337300962805389,1.0,0.1337300962805389,15.44,0.54,0.0,3.112935521232515,0.9382971950071975,0.5414186898246631,CDP,CDP,,10.638288601712786
DCAC,DRAD-CF-MPC,0.25,80,300,50,20,0.01,0.15,1e-05,0.1362745540291928,1.0,0.1362745540291928,15.42,0.76,0.0,2.962353578020377,0.9543685245730448,0.4798474699837817,RANK_ENSEMBLE,HYBRID,switched_with_counterfactual_gain,CDP,300,50,20,0.01,0.15,1e-05,0.1458784203127179,1.0,0.1458784203127179,16.42,0.58,0.0,3.1006492525031373,0.9459602890527896,0.4745119887151567,CDP,CDP,,6.583472910435654
DCAC,DRAD-CF-MPC,0.25,100,300,50,20,0.01,0.15,1e-05,0.0940342708769548,0.98,0.0921535854594158,10.86,0.5,0.02,2.222445521400413,0.9809410375219988,0.4529828645615226,CDP,CDP_PHYSICS_95,switched_with_counterfactual_gain,CDP,300,50,20,0.01,0.15,1e-05,0.1003698193142773,0.96,0.0963550265417062,10.8,0.46,0.04,2.304807651085606,0.976777687468024,0.4498150903428613,CDP,CDP,,4.360375616136912
DCAC,DRAD-CF-MPC,0.5,0,180,50,20,0.01,0.15,1e-05,0.8381115062503707,0.96,0.8045870460003558,96.68,2.8,0.04,17.762230125007413,0.455227520937259,0.1618884937496292,NP,NP,zero_budget,CDP,180,50,20,0.01,0.15,1e-05,0.8381115062503707,0.96,0.8045870460003558,96.68,2.8,0.04,17.762230125007413,0.455227520937259,0.1618884937496292,CDP,CDP,,0.0
DCAC,DRAD-CF-MPC,0.5,20,300,50,20,0.01,0.15,1e-05,0.4770068483296243,0.92,0.4388463004632544,59.8,1.78,0.08,9.872327378931017,0.7083455485857442,0.4358276263919796,CDP,CDP,switched_with_counterfactual_gain,CDP,300,50,20,0.01,0.15,1e-05,0.5056272435235128,0.96,0.4854021537825723,61.68,1.94,0.04,10.40466672953734,0.6905422917097165,0.4119772970637392,CDP,CDP,,9.59119216023831
DCAC,DRAD-CF-MPC,0.5,40,300,50,20,0.01,0.15,1e-05,0.1623586428427497,0.96,0.1558642971290397,21.62,0.94,0.04,3.7925686568952943,0.9234008017359684,0.5983152551123216,CDP,CDP_PHYSICS_95,switched_with_counterfactual_gain,CDP,300,50,20,0.01,0.15,1e-05,0.1671150901310627,0.96,0.1604304865258202,21.76,0.9,0.04,3.8743795502542793,0.9203114411641906,0.5949177927635266,CDP,CDP,,2.846210527459278
DCAC,DRAD-CF-MPC,0.5,60,300,50,20,0.01,0.15,1e-05,0.1090585254396799,1.0,0.1090585254396799,13.28,0.52,0.0,2.723124701946943,0.9557978705039808,0.5568384216002,CDP_PDP_90,CDP_PDP_90,switched_with_counterfactual_gain,CDP,300,50,20,0.01,0.15,1e-05,0.1224941942143509,1.0,0.1224941942143509,14.32,0.66,0.0,2.935408268586744,0.9472680286621816,0.5484411286160307,CDP,CDP,,10.968412715994058
DCAC,DRAD-CF-MPC,0.5,80,300,50,20,0.01,0.15,1e-05,0.0961807665194553,1.0,0.0961807665194553,10.74,0.64,0.0,2.385003037880157,0.9741281695520896,0.5021217963780803,CDP,RANK_ENSEMBLE,switched_with_counterfactual_gain,CDP,300,50,20,0.01,0.15,1e-05,0.1085357900562464,1.0,0.1085357900562464,12.04,0.66,0.0,2.5629153768099484,0.9701901035502336,0.4952578944131964,CDP,CDP,,11.383363524856213
DCAC,DRAD-CF-MPC,0.5,100,300,50,20,0.01,0.15,1e-05,0.0932845550763646,0.94,0.0876874817717827,10.86,0.52,0.06,2.2126992159927403,0.981742079648798,0.4533577224618177,RANK_ENSEMBLE,RANK_ENSEMBLE,switched_with_counterfactual_gain,CDP,300,50,20,0.01,0.15,1e-05,0.1003698193142773,0.96,0.0963550265417062,10.8,0.46,0.04,2.304807651085606,0.976777687468024,0.4498150903428613,CDP,CDP,,8.99542564713206
DCAC,DRAD-CF-MPC,1.0,0,210,50,20,0.01,0.15,1e-05,0.8952924553163655,0.94,0.8415749079973835,107.98,1.42,0.06,18.90584910632731,0.4180599040443623,0.1047075446836344,NP,NP,zero_budget,CDP,210,50,20,0.01,0.15,1e-05,0.8952924553163655,0.94,0.8415749079973835,107.98,1.42,0.06,18.90584910632731,0.4180599040443623,0.1047075446836344,CDP,CDP,,0.0
DCAC,DRAD-CF-MPC,1.0,20,300,50,20,0.01,0.15,1e-05,0.5182074460320226,0.94,0.4871149992701012,62.78,2.4,0.06,10.63865849619562,0.6819322356679308,0.4014937949733146,CDP,CDP,cdp_best,CDP,300,50,20,0.01,0.15,1e-05,0.532769085152835,0.94,0.5008029400436649,64.14,2.24,0.06,10.909504983842732,0.6724671702394027,0.3893590957059709,CDP,CDP,,2.7331989649148
DCAC,DRAD-CF-MPC,1.0,40,300,50,20,0.01,0.15,1e-05,0.2290033358510298,0.98,0.2244232691340092,28.34,0.96,0.02,4.938857376637714,0.881569143038913,0.5507119029635502,CDP,HYBRID,switched_with_counterfactual_gain,CDP,300,50,20,0.01,0.15,1e-05,0.2056542231653072,1.0,0.2056542231653072,24.66,1.14,0.0,4.5372526384432845,0.8962201944607132,0.5673898405962092,CDP,CDP,,-9.126506462998307
DCAC,DRAD-CF-MPC,1.0,60,300,50,20,0.01,0.15,1e-05,0.1165641568108621,1.0,0.1165641568108621,13.88,0.62,0.0,2.8417136776116223,0.9514029244118036,0.5521474019932111,CDP_PDP_90,CDP_PDP_90,switched_with_counterfactual_gain,CDP,300,50,20,0.01,0.15,1e-05,0.1224941942143509,1.0,0.1224941942143509,14.32,0.66,0.0,2.935408268586744,0.9472680286621816,0.5484411286160307,CDP,CDP,,4.84107629873747
DCAC,DRAD-CF-MPC,1.0,80,300,50,20,0.01,0.15,1e-05,0.1103894646636104,1.0,0.1103894646636104,12.28,0.7,0.0,2.5896082911559897,0.9677147711340898,0.4942280751868831,RANK_ENSEMBLE,RANK_ENSEMBLE,switched_with_counterfactual_gain,CDP,300,50,20,0.01,0.15,1e-05,0.1085357900562464,1.0,0.1085357900562464,12.04,0.66,0.0,2.5629153768099484,0.9701901035502336,0.4952578944131964,CDP,CDP,,-1.707892490013004
DCAC,DRAD-CF-MPC,1.0,100,300,50,20,0.01,0.15,1e-05,0.0809261956015125,0.96,0.077689147777452,9.5,0.48,0.04,2.052040542819663,0.9875652054122648,0.4595369021992437,RANK_ENSEMBLE,RANK_ENSEMBLE,switched_with_counterfactual_gain,CDP,300,50,20,0.01,0.15,1e-05,0.1003698193142773,0.96,0.0963550265417062,10.8,0.46,0.04,2.304807651085606,0.976777687468024,0.4498150903428613,CDP,CDP,,19.371982380162763
DCDC,DRAD-CF-MPC,0.25,0,270,50,20,0.01,0.15,1e-05,0.8441589075503948,0.88,0.7428598386443475,112.7,0.58,0.12,17.883178151007897,0.4512967100922433,0.155841092449605,NP,NP,zero_budget,CDP,270,50,20,0.01,0.15,1e-05,0.8441589075503948,0.88,0.7428598386443475,112.7,0.58,0.12,17.883178151007897,0.4512967100922433,0.155841092449605,CDP,CDP,,0.0
DCDC,DRAD-CF-MPC,0.25,20,300,50,20,0.01,0.15,1e-05,0.4548112832043917,0.9,0.4093301548839526,60.36,2.22,0.1,9.459489867601688,0.7223376900083364,0.4543239306630069,CDP,CDP,switched_with_counterfactual_gain,CDP,300,50,20,0.01,0.15,1e-05,0.4413087530512441,0.92,0.4060040528071446,57.92,2.48,0.08,9.208342806753144,0.7314673936806382,0.4655760391239633,CDP,CDP,,-0.8192287869549265
DCDC,DRAD-CF-MPC,0.25,40,300,50,20,0.01,0.15,1e-05,0.1981859708579583,0.96,0.19025853202364,24.54,1.1,0.04,4.408798698756884,0.9010825808092316,0.5727243065300298,CDP,CDP_PHYSICS_95,switched_with_counterfactual_gain,CDP,300,50,20,0.01,0.15,1e-05,0.1825255221626102,0.96,0.1752245012761058,22.34,1.04,0.04,4.139438981196896,0.9106316158926052,0.5839103413124214,CDP,CDP,,-8.579867905435703
DCDC,DRAD-CF-MPC,0.25,60,300,50,20,0.01,0.15,1e-05,0.1217166734923371,1.0,0.1217166734923371,13.82,0.52,0.0,2.9231234411789275,0.9500862227121974,0.5489270790672892,CDP,CDP_PDP_90,switched_with_counterfactual_gain,CDP,300,50,20,0.01,0.15,1e-05,0.1411641830859334,1.0,0.1411641830859334,15.44,0.54,0.0,3.2303940927577472,0.9358391553220516,0.5367723855712916,CDP,CDP,,13.776518354956869
DCDC,DRAD-CF-MPC,0.25,80,300,50,20,0.01,0.15,1e-05,0.1442349332397819,1.0,0.1442349332397819,16.82,0.82,0.0,3.076983038652859,0.9470614209572632,0.47542503708901,CDP_PDP_90,CDP_PDP_90,switched_with_counterfactual_gain,CDP,300,50,20,0.01,0.15,1e-05,0.1536348149899857,1.0,0.1536348149899857,16.42,0.58,0.0,3.2123413358557946,0.9430509961254018,0.4702028805611189,CDP,CDP,,6.118327900323464
DCDC,DRAD-CF-MPC,0.25,100,300,50,20,0.01,0.15,1e-05,0.0905611640685975,0.96,0.0869387175058536,12.1,0.7,0.04,2.177295132891768,0.9869434865417562,0.4547194179657012,RANK_ENSEMBLE,RANK_ENSEMBLE,switched_with_counterfactual_gain,CDP,300,50,20,0.01,0.15,1e-05,0.0982456139042411,0.96,0.0943157893480714,10.8,0.46,0.04,2.2771929807551348,0.9814680808126124,0.4508771930478794,CDP,CDP,,7.821672164471409
DCDC,DRAD-CF-MPC,0.5,0,210,50,20,0.01,0.15,1e-05,0.8207214566662357,0.92,0.7550637401329369,106.32,2.0,0.08,17.414429133324713,0.4665310531669467,0.1792785433337643,NP,NP,zero_budget,CDP,210,50,20,0.01,0.15,1e-05,0.8207214566662357,0.92,0.7550637401329369,106.32,2.0,0.08,17.414429133324713,0.4665310531669467,0.1792785433337643,CDP,CDP,,0.0
DCDC,DRAD-CF-MPC,0.5,20,300,50,20,0.01,0.15,1e-05,0.4843045740120988,0.96,0.4649323910516148,60.4,2.1,0.04,10.008065076625035,0.7044020268921358,0.4297461883232511,CDP,CDP,switched_with_counterfactual_gain,CDP,300,50,20,0.01,0.15,1e-05,0.4982573709912554,0.96,0.4783270761516052,61.68,1.94,0.04,10.26758710043735,0.6953327088556839,0.4181188575072873,CDP,CDP,,2.8003192308764335
DCDC,DRAD-CF-MPC,0.5,40,300,50,20,0.01,0.15,1e-05,0.1721698479156792,0.94,0.1618396570407385,24.36,0.94,0.06,3.961321384149685,0.9173648125572054,0.5913072514888005,CDP,CDP_PHYSICS_95,switched_with_counterfactual_gain,CDP,300,50,20,0.01,0.15,1e-05,0.1647248140865645,0.96,0.1581358215231019,21.76,0.9,0.04,3.8332668022889114,0.9227795833987148,0.5966251327953112,CDP,CDP,,-2.3421862813493384
DCDC,DRAD-CF-MPC,0.5,60,300,50,20,0.01,0.15,1e-05,0.1071230780001356,1.0,0.1071230780001356,11.96,0.54,0.0,2.6925446324021425,0.959466987489001,0.5580480762499151,CDP,CDP_PHYSICS_90,switched_with_counterfactual_gain,CDP,300,50,20,0.01,0.15,1e-05,0.1311915279300625,1.0,0.1311915279300625,14.32,0.66,0.0,3.0728261412949887,0.9437936880730942,0.5430052950437109,CDP,CDP,,18.3460398011175
DCDC,DRAD-CF-MPC,0.5,80,300,50,20,0.01,0.15,1e-05,0.1222748788133909,1.0,0.1222748788133909,15.26,0.98,0.0,2.760758254912829,0.9646663588579636,0.487625067325894,RANK_ENSEMBLE,RANK_ENSEMBLE,switched_with_counterfactual_gain,CDP,300,50,20,0.01,0.15,1e-05,0.1127334764582999,1.0,0.1127334764582999,12.04,0.66,0.0,2.6233620609995194,0.9701296057146362,0.4929258464120555,CDP,CDP,,-8.463681467798724
DCDC,DRAD-CF-MPC,0.5,100,300,50,20,0.01,0.15,1e-05,0.0822081692061015,0.96,0.0789198424378574,11.22,0.66,0.04,2.0687061996793195,0.9914087175077898,0.4588959153969492,RANK_ENSEMBLE,RANK_ENSEMBLE,switched_with_counterfactual_gain,CDP,300,50,20,0.01,0.15,1e-05,0.0982456139042411,0.96,0.0943157893480714,10.8,0.46,0.04,2.2771929807551348,0.9814680808126124,0.4508771930478794,CDP,CDP,,16.323827660745323
DCDC,DRAD-CF-MPC,1.0,0,210,50,20,0.01,0.15,1e-05,0.8476941342239211,0.94,0.7968324861704859,107.98,1.42,0.06,17.953882684478426,0.4489988127544512,0.1523058657760787,NP,NP,zero_budget,CDP,210,50,20,0.01,0.15,1e-05,0.8476941342239211,0.94,0.7968324861704859,107.98,1.42,0.06,17.953882684478426,0.4489988127544512,0.1523058657760787,CDP,CDP,,0.0
DCDC,DRAD-CF-MPC,1.0,20,300,50,20,0.01,0.15,1e-05,0.497283204102969,0.94,0.4674462118567908,63.7,2.2,0.06,10.249467596315226,0.695484000497017,0.4189306632475258,CDP,CDP,switched_with_counterfactual_gain,CDP,300,50,20,0.01,0.15,1e-05,0.5104644194132633,0.94,0.4798365542484674,64.14,2.24,0.06,10.494638201086696,0.6869162105453257,0.4079463171556139,CDP,CDP,,2.5822006018396904
DCDC,DRAD-CF-MPC,1.0,40,300,50,20,0.01,0.15,1e-05,0.2179029949596212,0.98,0.2135449350604288,26.34,1.5,0.02,4.747931513305486,0.8871776856189897,0.5586407178859849,CDP,CDP_PHYSICS_90,switched_with_counterfactual_gain,CDP,300,50,20,0.01,0.15,1e-05,0.2104682773050964,1.0,0.2104682773050964,24.66,1.14,0.0,4.620054369647658,0.8932222707840519,0.5639512304963596,CDP,CDP,,-1.4618154311482416
DCDC,DRAD-CF-MPC,1.0,60,300,50,20,0.01,0.15,1e-05,0.1067005228465621,1.0,0.1067005228465621,11.9,0.54,0.0,2.6858682609756817,0.959466987489001,0.5583121732208987,CDP,CDP_PHYSICS_90,switched_with_counterfactual_gain,CDP,300,50,20,0.01,0.15,1e-05,0.1311915279300625,1.0,0.1311915279300625,14.32,0.66,0.0,3.0728261412949887,0.9437936880730942,0.5430052950437109,CDP,CDP,,18.668130076486143
DCDC,DRAD-CF-MPC,1.0,80,300,50,20,0.01,0.15,1e-05,0.1091511798376218,1.0,0.1091511798376218,13.26,0.78,0.0,2.571776989661755,0.9665615174691188,0.4949160112013211,RANK_ENSEMBLE,RANK_ENSEMBLE,switched_with_counterfactual_gain,CDP,300,50,20,0.01,0.15,1e-05,0.1127334764582999,1.0,0.1127334764582999,12.04,0.66,0.0,2.6233620609995194,0.9701296057146362,0.4929258464120555,CDP,CDP,,3.177668899416408
DCDC,DRAD-CF-MPC,1.0,100,300,50,20,0.01,0.15,1e-05,0.0732056115514257,0.94,0.0688132748583402,9.92,0.64,0.06,1.9516729501685348,0.9922629317261928,0.4633971942242871,RANK_ENSEMBLE,RANK_ENSEMBLE,switched_with_counterfactual_gain,CDP,300,50,20,0.01,0.15,1e-05,0.0982456139042411,0.96,0.0943157893480714,10.8,0.46,0.04,2.2771929807551348,0.9814680808126124,0.4508771930478794,CDP,CDP,,27.039496425507348
DDAC,DRAD-CF-MPC,0.25,0,210,50,20,0.01,0.15,1e-05,0.842798993723513,0.92,0.775375074225632,101.58,2.06,0.08,17.855979874470258,0.4521806540797166,0.1572010062764871,NP,NP,zero_budget,CDP,210,50,20,0.01,0.15,1e-05,0.842798993723513,0.92,0.775375074225632,101.58,2.06,0.08,17.855979874470258,0.4521806540797166,0.1572010062764871,CDP,CDP,,0.0
DDAC,DRAD-CF-MPC,0.25,20,300,50,20,0.01,0.15,1e-05,0.4400214717285536,0.96,0.4224206128594114,52.06,2.48,0.04,9.184399374151097,0.7331860433764402,0.4666487735595387,CDP,CDP,switched_with_counterfactual_gain,CDP,300,50,20,0.01,0.15,1e-05,0.4667264424960793,0.92,0.429388327096393,57.92,2.48,0.08,9.681111830427078,0.7150155349055809,0.4443946312532671,CDP,CDP,,1.6227069524880708
DDAC,DRAD-CF-MPC,0.25,40,300,50,20,0.01,0.15,1e-05,0.2071559099379094,0.96,0.198869673540393,24.68,0.96,0.04,4.563081650932041,0.8940849537473226,0.5663172071872077,CDP,CDP_PHYSICS_95,switched_with_counterfactual_gain,CDP,300,50,20,0.01,0.15,1e-05,0.1877029345446932,0.96,0.1801948171629055,22.34,1.04,0.04,4.228490474168724,0.9074142487132012,0.5802121896109335,CDP,CDP,,-10.363703391369365
DDAC,DRAD-CF-MPC,0.25,60,300,50,20,0.01,0.15,1e-05,0.1262856537128722,1.0,0.1262856537128722,14.6,0.5,0.0,2.9953133286633817,0.945157797480014,0.5460714664294548,CDP_PHYSICS_90,CDP_PHYSICS_90,switched_with_counterfactual_gain,CDP,300,50,20,0.01,0.15,1e-05,0.1379414049355168,1.0,0.1379414049355168,15.44,0.54,0.0,3.179474197981165,0.9355428777110188,0.5387866219153019,CDP,CDP,,8.449784332709083
DDAC,DRAD-CF-MPC,0.25,80,300,50,20,0.01,0.15,1e-05,0.1245153723596031,1.0,0.1245153723596031,13.78,0.8,0.0,2.793021361978285,0.9625494579127918,0.4863803486891093,CDP,RANK_ENSEMBLE,switched_with_counterfactual_gain,CDP,300,50,20,0.01,0.15,1e-05,0.1473775044822417,1.0,0.1473775044822417,16.42,0.58,0.0,3.1222360645442806,0.94454772179462,0.4736791641765323,CDP,CDP,,15.5126334936946
DDAC,DRAD-CF-MPC,0.25,100,300,50,20,0.01,0.15,1e-05,0.0897212508788771,0.96,0.086132400843722,9.56,0.42,0.04,2.166376261425404,0.9822402046331304,0.4551393745605613,CDP,RANK_ENSEMBLE,switched_with_counterfactual_gain,CDP,300,50,20,0.01,0.15,1e-05,0.1042201731116167,0.96,0.1000513661871521,10.8,0.46,0.04,2.3548622504510184,0.9738512863789152,0.4478899134441916,CDP,CDP,,13.911819372116032
DDAC,DRAD-CF-MPC,0.5,0,180,50,20,0.01,0.15,1e-05,0.8322843106634334,0.96,0.7989929382368961,96.68,2.8,0.04,17.64568621326867,0.4590151980687682,0.1677156893365664,NP,NP,zero_budget,CDP,180,50,20,0.01,0.15,1e-05,0.8322843106634334,0.96,0.7989929382368961,96.68,2.8,0.04,17.64568621326867,0.4590151980687682,0.1677156893365664,CDP,CDP,,0.0
DDAC,DRAD-CF-MPC,0.5,20,300,50,20,0.01,0.15,1e-05,0.4746713643203406,0.92,0.4366976551747134,60.94,1.92,0.08,9.828887376358336,0.7096425143483046,0.4377738630663828,CDP,HYBRID,switched_with_counterfactual_gain,CDP,300,50,20,0.01,0.15,1e-05,0.5107124267954629,0.96,0.4902839297236444,61.68,1.94,0.04,10.499251138395614,0.6872255976724954,0.4077396443371142,CDP,CDP,,10.929641234422345
DDAC,DRAD-CF-MPC,0.5,40,300,50,20,0.01,0.15,1e-05,0.1883788589696231,0.94,0.1770761274314456,25.16,1.0,0.06,4.240116374277517,0.9075872212682607,0.5797293864502693,CDP,CDP_PHYSICS_95,switched_with_counterfactual_gain,CDP,300,50,20,0.01,0.15,1e-05,0.1742135618975551,0.96,0.1672450194216529,21.76,0.9,0.04,3.996473264637948,0.9161592093140114,0.5898474557874607,CDP,CDP,,-5.878266535966632
DDAC,DRAD-CF-MPC,0.5,60,300,50,20,0.01,0.15,1e-05,0.0995452368293457,1.0,0.0995452368293457,11.68,0.46,0.0,2.572814741903662,0.9618896413305542,0.5627842269816589,CDP,CDP_PHYSICS_90,switched_with_counterfactual_gain,CDP,300,50,20,0.01,0.15,1e-05,0.1299157164033013,1.0,0.1299157164033013,14.32,0.66,0.0,3.0526683191721617,0.942407794025748,0.5438026772479366,CDP,CDP,,23.377063541289974
DDAC,DRAD-CF-MPC,0.5,80,300,50,20,0.01,0.15,1e-05,0.1075354338875553,0.98,0.1053847252098042,11.58,0.66,0.02,2.548510247980797,0.9697163554861358,0.495813647840247,RANK_ENSEMBLE,RANK_ENSEMBLE,switched_with_counterfactual_gain,CDP,300,50,20,0.01,0.15,1e-05,0.1141068164863347,1.0,0.1141068164863347,12.04,0.66,0.0,2.64313815740322,0.966973565319564,0.492162879729814,CDP,CDP,,7.643795125507339
DDAC,DRAD-CF-MPC,0.5,100,270,50,20,0.01,0.15,1e-05,0.0858395843523102,1.0,0.0858395843523102,8.52,0.44,0.0,2.115914596580033,0.9834892934057606,0.4570802078238449,CDP,PHYSICS,switched_with_counterfactual_gain,CDP,300,50,20,0.01,0.15,1e-05,0.1042201731116167,0.96,0.1000513661871521,10.8,0.46,0.04,2.3548622504510184,0.9738512863789152,0.4478899134441916,CDP,CDP,,14.204485532077452
DDAC,DRAD-CF-MPC,1.0,0,210,50,20,0.01,0.15,1e-05,0.8914946060483088,0.94,0.8380049296854102,107.98,1.42,0.06,18.82989212096617,0.4205285060685992,0.1085053939516912,NP,NP,zero_budget,CDP,210,50,20,0.01,0.15,1e-05,0.8914946060483088,0.94,0.8380049296854102,107.98,1.42,0.06,18.82989212096617,0.4205285060685992,0.1085053939516912,CDP,CDP,,0.0
DDAC,DRAD-CF-MPC,1.0,20,300,50,20,0.01,0.15,1e-05,0.4767075089844046,0.92,0.4385709082656522,57.64,2.28,0.08,9.866759667109926,0.7085278416881695,0.4360770758463295,CDP,HYBRID,switched_with_counterfactual_gain,CDP,300,50,20,0.01,0.15,1e-05,0.5326055427371549,0.94,0.5006492101729255,64.14,2.24,0.06,10.90646309491108,0.672594119748882,0.3894953810523709,CDP,CDP,,12.399560539745448
DDAC,DRAD-CF-MPC,1.0,40,300,50,20,0.01,0.15,1e-05,0.1886152837896505,0.98,0.1848429781138575,22.72,0.98,0.02,4.24418288118199,0.9082210739132464,0.579560511578821,CDP,CDP_PHYSICS_95,switched_with_counterfactual_gain,CDP,300,50,20,0.01,0.15,1e-05,0.2158596131439899,1.0,0.2158596131439899,24.66,1.14,0.0,4.712785346076628,0.8905110096609065,0.5601002763257216,CDP,CDP,,14.368892160155482
DDAC,DRAD-CF-MPC,1.0,60,300,50,20,0.01,0.15,1e-05,0.1079458667975684,1.0,0.1079458667975684,12.42,0.52,0.0,2.705544695401581,0.9588962456291537,0.5575338332515197,CDP_PHYSICS_90,CDP_PHYSICS_90,switched_with_counterfactual_gain,CDP,300,50,20,0.01,0.15,1e-05,0.1299157164033013,1.0,0.1299157164033013,14.32,0.66,0.0,3.0526683191721617,0.942407794025748,0.5438026772479366,CDP,CDP,,16.91084821282293
DDAC,DRAD-CF-MPC,1.0,80,300,50,20,0.01,0.15,1e-05,0.1129433548216291,0.98,0.1106844877251965,11.92,0.76,0.02,2.6263843094314603,0.9674419223103712,0.4928092473213171,CDP,RANK_ENSEMBLE,switched_with_counterfactual_gain,CDP,300,50,20,0.01,0.15,1e-05,0.1141068164863347,1.0,0.1141068164863347,12.04,0.66,0.0,2.64313815740322,0.966973565319564,0.492162879729814,CDP,CDP,,2.999232531842704
DDAC,DRAD-CF-MPC,1.0,100,300,50,20,0.01,0.15,1e-05,0.0879631325713975,0.94,0.0826853446171137,9.42,0.46,0.06,2.143520723428168,0.983465021231223,0.4560184337143013,CDP,RANK_ENSEMBLE,switched_with_counterfactual_gain,CDP,300,50,20,0.01,0.15,1e-05,0.1042201731116167,0.96,0.1000513661871521,10.8,0.46,0.04,2.3548622504510184,0.9738512863789152,0.4478899134441916,CDP,CDP,,17.357105886371045
DDDC,DRAD-CF-MPC,0.25,0,270,50,20,0.01,0.15,1e-05,0.848082285906266,0.88,0.746312411597514,112.7,0.58,0.12,17.96164571812532,0.4487465141609271,0.1519177140937339,NP,NP,zero_budget,CDP,270,50,20,0.01,0.15,1e-05,0.848082285906266,0.88,0.746312411597514,112.7,0.58,0.12,17.96164571812532,0.4487465141609271,0.1519177140937339,CDP,CDP,,0.0
DDDC,DRAD-CF-MPC,0.25,20,300,50,20,0.01,0.15,1e-05,0.4617709013914143,0.94,0.4340646473079295,58.82,2.38,0.06,9.588938765880307,0.7186489140955807,0.448524248840488,CDP,CDP,switched_with_counterfactual_gain,CDP,300,50,20,0.01,0.15,1e-05,0.450879504376711,0.92,0.4148091440265741,57.92,2.48,0.08,9.386358781406823,0.7251477443091402,0.4576004130194075,CDP,CDP,,-4.642015143252339
DDDC,DRAD-CF-MPC,0.25,40,270,50,20,0.01,0.15,1e-05,0.1956038536588436,1.0,0.1956038536588436,21.86,1.16,0.0,4.364386282932111,0.9017295999499602,0.5745686759579689,CDP,CDP_PHYSICS_95,switched_with_counterfactual_gain,CDP,270,50,20,0.01,0.15,1e-05,0.1824998298324864,1.0,0.1824998298324864,20.06,1.1,0.0,4.138997073118766,0.9103234504943128,0.5839286929767955,CDP,CDP,,-7.180293723185052
DDDC,DRAD-CF-MPC,0.25,60,300,50,20,0.01,0.15,1e-05,0.1410519195823642,1.0,0.1410519195823642,15.5,0.76,0.0,3.228620329401356,0.939869907546634,0.5368425502610222,CDP_PHYSICS_90,CDP_PHYSICS_90,switched_with_counterfactual_gain,CDP,300,50,20,0.01,0.15,1e-05,0.1450638299551936,1.0,0.1450638299551936,15.44,0.54,0.0,3.29200851329206,0.9326991215727652,0.534335106278004,CDP,CDP,,2.7656172969105413
DDDC,DRAD-CF-MPC,0.25,80,300,50,20,0.01,0.15,1e-05,0.1338160155250246,1.0,0.1338160155250246,15.46,0.58,0.0,2.926950623560356,0.9543289498560068,0.4812133247083197,RANK_ENSEMBLE,RANK_ENSEMBLE,switched_with_counterfactual_gain,CDP,300,50,20,0.01,0.15,1e-05,0.1610716472203048,1.0,0.1610716472203048,16.42,0.58,0.0,3.319431719972389,0.9374167346374996,0.4660713070998307,CDP,CDP,,16.92143351451063
DDDC,DRAD-CF-MPC,0.25,100,240,50,20,0.01,0.15,1e-05,0.0675309561020451,1.0,0.0675309561020451,8.48,0.4,0.0,1.8779024293265871,0.991160348844658,0.4662345219489774,RANK_ENSEMBLE,RANK_ENSEMBLE,switched_with_counterfactual_gain,CDP,300,50,20,0.01,0.15,1e-05,0.1040865882055972,0.96,0.0999231246773733,10.8,0.46,0.04,2.353125646672764,0.977076847108427,0.4479567058972014,CDP,CDP,,32.41708931700266
DDDC,DRAD-CF-MPC,0.5,0,210,50,20,0.01,0.15,1e-05,0.8314604552681574,0.92,0.7649436188467048,106.32,2.0,0.08,17.62920910536315,0.4595507040756977,0.1685395447318426,NP,NP,zero_budget,CDP,210,50,20,0.01,0.15,1e-05,0.8314604552681574,0.92,0.7649436188467048,106.32,2.0,0.08,17.62920910536315,0.4595507040756977,0.1685395447318426,CDP,CDP,,0.0
DDDC,DRAD-CF-MPC,0.5,20,300,50,20,0.01,0.15,1e-05,0.4616139559699466,0.92,0.4246848394923509,58.74,2.3,0.08,9.586019581041008,0.718322734897061,0.4486550366917111,CDP,CDP_PHYSICS_90,switched_with_counterfactual_gain,CDP,300,50,20,0.01,0.15,1e-05,0.505893563364759,0.96,0.4856578208301686,61.68,1.94,0.04,10.409620278584516,0.6903691838129066,0.4117553638627009,CDP,CDP,,12.554720365352464
DDDC,DRAD-CF-MPC,0.5,40,300,50,20,0.01,0.15,1e-05,0.1892759862099385,0.98,0.1854904664857398,22.58,0.96,0.02,4.255546962810944,0.9083608202593216,0.5790885812786154,CDP,CDP_PHYSICS_95,switched_with_counterfactual_gain,CDP,300,50,20,0.01,0.15,1e-05,0.1694922911844257,0.96,0.1627125995370486,21.76,0.9,0.04,3.915267408372122,0.919865648169155,0.5932197920111245,CDP,CDP,,-13.9988341488975
DDDC,DRAD-CF-MPC,0.5,60,300,50,20,0.01,0.15,1e-05,0.1674753051701238,1.0,0.1674753051701238,18.52,0.7,0.0,3.646109821687957,0.9233445594552484,0.5203279342686726,CDP_PHYSICS_90,CDP_PHYSICS_90,switched_with_counterfactual_gain,CDP,300,50,20,0.01,0.15,1e-05,0.1367558319827807,1.0,0.1367558319827807,14.32,0.66,0.0,3.160742145327936,0.9395600246102008,0.539527605010762,CDP,CDP,,-22.463007786743912
DDDC,DRAD-CF-MPC,0.5,80,300,50,20,0.01,0.15,1e-05,0.1111967528694089,1.0,0.1111967528694089,12.82,0.72,0.0,2.601233241319489,0.9691542641523784,0.4937795817392172,CDP,RANK_ENSEMBLE,switched_with_counterfactual_gain,CDP,300,50,20,0.01,0.15,1e-05,0.1204077666034346,1.0,0.1204077666034346,12.04,0.66,0.0,2.7338718390894594,0.9644920457369164,0.4886623518869807,CDP,CDP,,7.649850166464637
DDDC,DRAD-CF-MPC,0.5,100,240,50,20,0.01,0.15,1e-05,0.0656047295079188,1.0,0.0656047295079188,8.86,0.48,0.0,1.8528614836029444,0.9929161368356244,0.4671976352460405,RANK_ENSEMBLE,RANK_ENSEMBLE,switched_with_counterfactual_gain,CDP,300,50,20,0.01,0.15,1e-05,0.1040865882055972,0.96,0.0999231246773733,10.8,0.46,0.04,2.353125646672764,0.977076847108427,0.4479567058972014,CDP,CDP,,34.34479784325854
DDDC,DRAD-CF-MPC,1.0,0,210,50,20,0.01,0.15,1e-05,0.8576676882278557,0.94,0.8062076269341842,107.98,1.42,0.06,18.15335376455711,0.4425160026518939,0.1423323117721444,NP,NP,zero_budget,CDP,210,50,20,0.01,0.15,1e-05,0.8576676882278557,0.94,0.8062076269341842,107.98,1.42,0.06,18.15335376455711,0.4425160026518939,0.1423323117721444,CDP,CDP,,0.0
DDDC,DRAD-CF-MPC,1.0,20,300,50,20,0.01,0.15,1e-05,0.5197459316496356,0.96,0.4989560943836501,65.48,2.36,0.04,10.667274328683224,0.6813651444277368,0.4002117236253035,CDP,CDP,switched_with_counterfactual_gain,CDP,300,50,20,0.01,0.15,1e-05,0.5186099167151172,0.94,0.4874933217122101,64.14,2.24,0.06,10.646144450901184,0.6815181636837463,0.4011584027374021,CDP,CDP,,-2.351370195422587
DDDC,DRAD-CF-MPC,1.0,40,300,50,20,0.01,0.15,1e-05,0.1625342214333013,0.98,0.1592835370046353,20.22,1.08,0.02,3.795588608652783,0.9230465863855756,0.5981898418333562,CDP,CDP_PHYSICS_95,switched_with_counterfactual_gain,CDP,300,50,20,0.01,0.15,1e-05,0.2205675059223648,1.0,0.2205675059223648,24.66,1.14,0.0,4.793761101864676,0.8870782381859266,0.5567374957697394,CDP,CDP,,27.784676922911
DDDC,DRAD-CF-MPC,1.0,60,300,50,20,0.01,0.15,1e-05,0.1639322424625845,1.0,0.1639322424625845,17.94,0.72,0.0,3.5901294309088354,0.9264792108123469,0.5225423484608847,CDP_PHYSICS_90,CDP_PHYSICS_90,switched_with_counterfactual_gain,CDP,300,50,20,0.01,0.15,1e-05,0.1367558319827807,1.0,0.1367558319827807,14.32,0.66,0.0,3.160742145327936,0.9395600246102008,0.539527605010762,CDP,CDP,,-19.872213188704755
DDDC,DRAD-CF-MPC,1.0,80,300,50,20,0.01,0.15,1e-05,0.1094637690120414,1.0,0.1094637690120414,12.9,0.66,0.0,2.5762782737733967,0.9693193472302865,0.4947423505488658,CDP,RANK_ENSEMBLE,switched_with_counterfactual_gain,CDP,300,50,20,0.01,0.15,1e-05,0.1204077666034346,1.0,0.1204077666034346,12.04,0.66,0.0,2.7338718390894594,0.9644920457369164,0.4886623518869807,CDP,CDP,,9.089112687677847
DDDC,DRAD-CF-MPC,1.0,100,240,50,20,0.01,0.15,1e-05,0.0755277795006941,1.0,0.0755277795006941,9.98,0.4,0.0,1.981861133509024,0.990799301638982,0.4622361102496529,RANK_ENSEMBLE,RANK_ENSEMBLE,switched_with_counterfactual_gain,CDP,300,50,20,0.01,0.15,1e-05,0.1040865882055972,0.96,0.0999231246773733,10.8,0.46,0.04,2.353125646672764,0.977076847108427,0.4479567058972014,CDP,CDP,,24.414113605035375
RC,DRAD-CF-MPC,0.25,0,210,50,20,0.01,0.15,1e-05,0.8161397771323489,0.92,0.750848594961761,101.58,2.06,0.08,17.322795542646976,0.4695091448639732,0.1838602228676511,NP,NP,zero_budget,CDP,210,50,20,0.01,0.15,1e-05,0.8161397771323489,0.92,0.750848594961761,101.58,2.06,0.08,17.322795542646976,0.4695091448639732,0.1838602228676511,CDP,CDP,,0.0
RC,DRAD-CF-MPC,0.25,20,300,50,20,0.01,0.15,1e-05,0.4715686132041735,0.9,0.4244117518837561,60.0,1.96,0.1,9.771176205597628,0.7114453428772368,0.4403594889965221,CDP,CDP_PHYSICS_90,switched_with_counterfactual_gain,CDP,300,50,20,0.01,0.15,1e-05,0.4614319707343493,0.92,0.4245174130756014,57.92,2.48,0.08,9.582634655658898,0.7184341604826224,0.4488066910547089,CDP,CDP,,0.024889719147099
RC,DRAD-CF-MPC,0.25,40,270,50,20,0.01,0.15,1e-05,0.1693522743973017,1.0,0.1693522743973017,20.34,1.22,0.0,3.912859119633589,0.9188723669846816,0.5933198040019273,CDP,CDP_PHYSICS_95,switched_with_counterfactual_gain,CDP,270,50,20,0.01,0.15,1e-05,0.1714662477235361,1.0,0.1714662477235361,20.06,1.1,0.0,3.949219460844821,0.9173431882277224,0.5918098230546172,CDP,CDP,,1.2328801465525503
RC,DRAD-CF-MPC,0.25,60,300,50,20,0.01,0.15,1e-05,0.1159645954346154,1.0,0.1159645954346154,14.48,0.72,0.0,2.832240607866924,0.9514462400878786,0.5525221278533654,CDP,CDP_PHYSICS_95,switched_with_counterfactual_gain,CDP,300,50,20,0.01,0.15,1e-05,0.1342155660635458,1.0,0.1342155660635458,15.44,0.54,0.0,3.120605943804025,0.9380564368965352,0.5411152712102839,CDP,CDP,,13.598251800505231
RC,DRAD-CF-MPC,0.25,80,300,50,20,0.01,0.15,1e-05,0.103690190340315,0.98,0.1016163865335087,13.66,0.62,0.02,2.493138740900537,0.967822570692612,0.4979498942553805,RANK_ENSEMBLE,RANK_ENSEMBLE,switched_with_counterfactual_gain,CDP,300,50,20,0.01,0.15,1e-05,0.144049883764914,1.0,0.144049883764914,16.42,0.58,0.0,3.0743183262147618,0.9473910768743424,0.4755278423528255,CDP,CDP,,29.45750188897146
RC,DRAD-CF-MPC,0.25,100,300,50,20,0.01,0.15,1e-05,0.0672994966757308,0.98,0.0659535067422162,8.6,0.42,0.02,1.8748934567845013,0.9895960201978014,0.4663502516621345,RANK_ENSEMBLE,RANK_ENSEMBLE,switched_with_counterfactual_gain,CDP,300,50,20,0.01,0.15,1e-05,0.0922813903484797,0.96,0.0885901347345406,10.8,0.46,0.04,2.199658074530238,0.9808819927184084,0.4538593048257601,CDP,CDP,,25.55208665152084
RC,DRAD-CF-MPC,0.5,0,210,50,20,0.01,0.15,1e-05,0.8468791908153301,0.92,0.7791288555501038,106.32,2.0,0.08,17.937583816306606,0.4495285259700353,0.1531208091846698,NP,NP,zero_budget,CDP,210,50,20,0.01,0.15,1e-05,0.8468791908153301,0.92,0.7791288555501038,106.32,2.0,0.08,17.937583816306606,0.4495285259700353,0.1531208091846698,CDP,CDP,,0.0
RC,DRAD-CF-MPC,0.5,20,300,50,20,0.01,0.15,1e-05,0.5017203873737734,0.96,0.4816515718788225,61.38,1.9,0.04,10.331999205152185,0.6930817482070474,0.4152330105218555,CDP,CDP,switched_with_counterfactual_gain,CDP,300,50,20,0.01,0.15,1e-05,0.5053141134092274,0.96,0.4851015488728583,61.68,1.94,0.04,10.39884250941163,0.6907458262840023,0.4122382388256438,CDP,CDP,,0.7111865550717643
RC,DRAD-CF-MPC,0.5,40,300,50,20,0.01,0.15,1e-05,0.1982093684898344,1.0,0.1982093684898344,24.16,0.98,0.0,4.409201138025153,0.903186930150628,0.5727075939358326,CDP,CDP_PHYSICS_95,switched_with_counterfactual_gain,CDP,300,50,20,0.01,0.15,1e-05,0.1648015884018113,0.96,0.1582095248657389,21.76,0.9,0.04,3.834587320511156,0.9226951271038176,0.5965702939987062,CDP,CDP,,-25.28282899388497
RC,DRAD-CF-MPC,0.5,60,300,50,20,0.01,0.15,1e-05,0.1127742096684633,0.98,0.1105187254750941,14.22,0.54,0.02,2.7818325127617216,0.9554102062717444,0.5545161189572103,CDP,RANK_ENSEMBLE,switched_with_counterfactual_gain,CDP,300,50,20,0.01,0.15,1e-05,0.1270004207006444,1.0,0.1270004207006444,14.32,0.66,0.0,3.006606647070181,0.946955495503184,0.5456247370620972,CDP,CDP,,12.97766978604733
RC,DRAD-CF-MPC,0.5,80,300,50,20,0.01,0.15,1e-05,0.1025623275653024,0.98,0.1005110810139964,12.84,0.7,0.02,2.476897516940355,0.9700874328572952,0.498576484685943,RANK_ENSEMBLE,RANK_ENSEMBLE,switched_with_counterfactual_gain,CDP,300,50,20,0.01,0.15,1e-05,0.1052409299149476,1.0,0.1052409299149476,12.04,0.66,0.0,2.515469390775246,0.9717788390880736,0.4970883722694735,CDP,CDP,,4.494305499513135
RC,DRAD-CF-MPC,0.5,100,240,50,20,0.01,0.15,1e-05,0.0649343190568758,1.0,0.0649343190568758,8.2,0.28,0.0,1.844146147739386,0.9940354478205088,0.4675328404715621,RANK_ENSEMBLE,RANK_ENSEMBLE,switched_with_counterfactual_gain,CDP,300,50,20,0.01,0.15,1e-05,0.0922813903484797,0.96,0.0885901347345406,10.8,0.46,0.04,2.199658074530238,0.9808819927184084,0.4538593048257601,CDP,CDP,,26.702539451240447
RC,DRAD-CF-MPC,1.0,0,210,50,20,0.01,0.15,1e-05,0.8737665300153449,0.94,0.8213405382144241,107.98,1.42,0.06,18.4753306003069,0.4320517554900256,0.1262334699846549,NP,NP,zero_budget,CDP,210,50,20,0.01,0.15,1e-05,0.8737665300153449,0.94,0.8213405382144241,107.98,1.42,0.06,18.4753306003069,0.4320517554900256,0.1262334699846549,CDP,CDP,,0.0
RC,DRAD-CF-MPC,1.0,20,300,50,20,0.01,0.15,1e-05,0.5530750524061253,0.92,0.5088290482136353,68.26,2.18,0.08,11.28719597475393,0.6589012159360185,0.3724374563282289,CDP,CDP_PHYSICS_95,switched_with_counterfactual_gain,CDP,300,50,20,0.01,0.15,1e-05,0.532130250693418,0.94,0.5002024356518129,64.14,2.24,0.06,10.897622662897575,0.672880278509228,0.389891457755485,CDP,CDP,,-1.7246242614880176
RC,DRAD-CF-MPC,1.0,40,300,50,20,0.01,0.15,1e-05,0.2072880403443862,0.98,0.2031422795374985,25.88,1.0,0.02,4.565354293923443,0.8939964715385238,0.5662228283254385,CDP,CDP_PHYSICS_95,switched_with_counterfactual_gain,CDP,300,50,20,0.01,0.15,1e-05,0.2063904832778462,1.0,0.2063904832778462,24.66,1.14,0.0,4.549916312378956,0.8955209298079018,0.5668639405158241,CDP,CDP,,1.573814687937516
RC,DRAD-CF-MPC,1.0,60,300,50,20,0.01,0.15,1e-05,0.1238632464443297,0.98,0.1213859815154431,15.46,0.56,0.02,2.9570392938204098,0.9494791508749284,0.5475854709722938,CDP,CDP_PDP_90,switched_with_counterfactual_gain,CDP,300,50,20,0.01,0.15,1e-05,0.1270004207006444,1.0,0.1270004207006444,14.32,0.66,0.0,3.006606647070181,0.946955495503184,0.5456247370620972,CDP,CDP,,4.420803611659702
RC,DRAD-CF-MPC,1.0,80,300,50,20,0.01,0.15,1e-05,0.0965192089750423,0.98,0.0945888247955415,12.64,0.6,0.02,2.38987660924061,0.9750562234106,0.5019337727916431,RANK_ENSEMBLE,RANK_ENSEMBLE,switched_with_counterfactual_gain,CDP,300,50,20,0.01,0.15,1e-05,0.1052409299149476,1.0,0.1052409299149476,12.04,0.66,0.0,2.515469390775246,0.9717788390880736,0.4970883722694735,CDP,CDP,,10.121637207038727
RC,DRAD-CF-MPC,1.0,100,240,50,20,0.01,0.15,1e-05,0.0642991061585069,1.0,0.0642991061585069,8.02,0.32,0.0,1.8358883800605903,0.9930361709784647,0.4678504469207464,RANK_ENSEMBLE,RANK_ENSEMBLE,switched_with_counterfactual_gain,CDP,300,50,20,0.01,0.15,1e-05,0.0922813903484797,0.96,0.0885901347345406,10.8,0.46,0.04,2.199658074530238,0.9808819927184084,0.4538593048257601,CDP,CDP,,27.41956386966485
