node_type,pattern,attack_information_ratio,defense_budget,T_opt,n_runs,infection_rate,activation_rate,detection_rate,PAS_at_T_opt,PS_at_T_opt,EP_max,mean_active_infectious,mean_exposed,mean_detected,mean_affected_power_nodes,mean_affected_capacity,RT,RI,RE
COMM_HUB,DCAC,0.25,20,300,40,0.01,0.15,1e-05,0.3470023717412124,0.975,0.3383273124476821,42.8,2.075,0.025,40.825,3024.3900000000003,7.454244114386552,0.7934471568080981,0.5441646902156563
COMM_HUB,DCAC,0.25,40,300,40,0.01,0.15,1e-05,0.203500936202607,1.0,0.203500936202607,24.55,1.025,0.0,24.55,1919.85,4.50021610268484,0.8975186248759872,0.5689279027124237
COMM_HUB,DCAC,0.25,60,300,40,0.01,0.15,1e-05,0.1035576806661043,1.0,0.1035576806661043,12.2,0.625,0.0,12.2,1038.525,2.636211354524448,0.9614199867096732,0.5602764495836847
COMM_HUB,DCAC,0.25,100,300,40,0.01,0.15,1e-05,0.0916459606934752,1.0,0.0916459606934752,9.35,0.5,0.0,9.35,1040.125,2.1913974890151784,0.9822605024122676,0.4541770196532623
COMM_HUB,DCAC,0.5,20,300,40,0.01,0.15,1e-05,0.4570067794762197,1.0,0.4570067794762197,53.3,2.1,0.0,53.3,3995.664999999999,9.500326098257688,0.7226274577938164,0.4524943504364835
COMM_HUB,DCAC,0.5,40,300,40,0.01,0.15,1e-05,0.1837555859008324,1.0,0.1837555859008324,22.35,1.175,0.0,22.35,1786.565,4.160596077494318,0.9102243808328392,0.5830317243565484
COMM_HUB,DCAC,0.5,60,300,40,0.01,0.15,1e-05,0.1029768017878213,0.975,0.1004023817431258,13.225,0.35,0.025,12.0,1040.675,2.6270334682475776,0.9602626058963908,0.5606394988826117
COMM_HUB,DCAC,0.5,100,300,40,0.01,0.15,1e-05,0.0776877198633974,1.0,0.0776877198633974,7.6,0.325,0.0,7.6,834.75,2.009940358224167,0.9896723493311568,0.4611561400683012
COMM_HUB,DCAC,1.0,20,300,40,0.01,0.15,1e-05,0.4105151672473606,0.95,0.3899894088849925,51.275,1.8,0.05,48.3,3628.05,8.635582110800907,0.7519649842790697,0.4912373606271994
COMM_HUB,DCAC,1.0,40,300,40,0.01,0.15,1e-05,0.2262642050807191,0.975,0.2206075999537011,28.125,1.35,0.025,27.375,2156.38,4.891744327388368,0.8806520004644975,0.5526684249423436
COMM_HUB,DCAC,1.0,60,300,40,0.01,0.15,1e-05,0.1367410294252945,0.975,0.1333225036896622,16.775,0.825,0.025,16.75,1415.2900000000002,3.160508264919654,0.949449076724412,0.5395368566091909
COMM_HUB,DCAC,1.0,100,300,40,0.01,0.15,1e-05,0.0741439065920359,0.975,0.072290308927235,7.55,0.325,0.025,7.4,784.51,1.963870785696468,0.9854155977514504,0.4629280467039819
COMM_HUB,DCDC,0.25,20,300,40,0.01,0.15,1e-05,0.394845760602872,0.9,0.3553611845425848,51.325,2.075,0.1,47.6,3319.99,8.344131147213421,0.7612152203743847,0.5042951994976066
COMM_HUB,DCDC,0.25,40,300,40,0.01,0.15,1e-05,0.166087834285895,1.0,0.166087834285895,20.025,1.125,0.0,20.025,1411.59,3.8567107497173945,0.9217606574821468,0.5956515469386464
COMM_HUB,DCDC,0.25,60,300,40,0.01,0.15,1e-05,0.1165996676723649,0.975,0.1136846759805558,13.175,0.625,0.025,12.675,1109.1950000000002,2.842274749223366,0.9557757854479224,0.5521252077047719
COMM_HUB,DCDC,0.25,100,300,40,0.01,0.15,1e-05,0.0794848302969296,0.975,0.0774977095395064,8.975,0.2,0.025,8.675,902.38,2.033302793860085,0.9838175116819154,0.4602575848515352
COMM_HUB,DCDC,0.5,20,300,40,0.01,0.15,1e-05,0.3730069936448553,0.95,0.3543566439626125,45.825,1.9,0.05,43.825,3279.815,7.937930081794312,0.7764870427412484,0.5224941719626205
COMM_HUB,DCDC,0.5,40,300,40,0.01,0.15,1e-05,0.2516094096304339,0.975,0.245319174389673,30.5,1.275,0.025,29.5,2178.885,5.327681845643464,0.8693782716656194,0.5345647074068329
COMM_HUB,DCDC,0.5,60,300,40,0.01,0.15,1e-05,0.1014253766009664,1.0,0.1014253766009664,10.9,0.45,0.0,10.9,959.325,2.60252095029527,0.960579697151086,0.561609139624396
COMM_HUB,DCDC,0.5,100,300,40,0.01,0.15,1e-05,0.1175446474321979,1.0,0.1175446474321979,12.575,0.475,0.0,12.575,1319.5700000000002,2.5280804166185726,0.9689858303864496,0.441227676283901
COMM_HUB,DCDC,1.0,20,300,40,0.01,0.15,1e-05,0.4088723717570713,0.975,0.3986505624631445,51.65,1.825,0.025,48.9,3489.72,8.605026114681527,0.7534443595716738,0.4926063568691072
COMM_HUB,DCDC,1.0,40,300,40,0.01,0.15,1e-05,0.1995805276274466,1.0,0.1995805276274466,24.075,1.325,0.0,24.075,1731.095,4.432785075192082,0.9002092908217026,0.5717281945518239
COMM_HUB,DCDC,1.0,60,240,40,0.01,0.15,1e-05,0.1411845956442244,1.0,0.1411845956442244,15.575,0.625,0.0,15.575,1296.51,3.230716611178746,0.9429952044681228,0.5367596277223597
COMM_HUB,DCDC,1.0,100,300,40,0.01,0.15,1e-05,0.0884999254682196,1.0,0.0884999254682196,9.175,0.35,0.0,9.175,950.695,2.150499031086856,0.98621635872075,0.4557500372658901
COMM_HUB,DDAC,0.25,20,300,40,0.01,0.15,1e-05,0.4605597047435809,1.0,0.4605597047435809,52.775,2.3,0.0,52.775,4217.195,9.566410508230604,0.7206361919166724,0.4495335793803492
COMM_HUB,DDAC,0.25,40,300,40,0.01,0.15,1e-05,0.2033594768947882,1.0,0.2033594768947882,23.15,1.075,0.0,23.15,1802.6300000000003,4.497783002590358,0.8964457010323408,0.5690289450751512
COMM_HUB,DDAC,0.25,60,300,40,0.01,0.15,1e-05,0.1818337266329145,1.0,0.1818337266329145,20.575,0.8,0.0,20.575,1664.4150000000002,3.87297288080005,0.9147957710983068,0.5113539208544283
COMM_HUB,DDAC,0.25,100,300,40,0.01,0.15,1e-05,0.1126369205719326,0.975,0.1098209975576343,11.675,0.375,0.025,11.425,1052.7900000000002,2.4642799674351252,0.976395299480975,0.4436815397140337
COMM_HUB,DDAC,0.5,20,300,40,0.01,0.15,1e-05,0.4198859006404475,0.95,0.3988916056084252,50.375,2.15,0.05,47.75,3825.664999999999,8.809877751912325,0.7456907762598955,0.4834284161329604
COMM_HUB,DDAC,0.5,40,300,40,0.01,0.15,1e-05,0.2236000528635571,1.0,0.2236000528635571,25.025,1.225,0.0,25.025,2021.125,4.8459209092531825,0.8857605170160259,0.5545713908117449
COMM_HUB,DDAC,0.5,60,300,40,0.01,0.15,1e-05,0.1820275821475609,1.0,0.1820275821475609,20.475,0.975,0.0,20.475,1700.12,3.8760357979314626,0.9143844359213844,0.5112327611577744
COMM_HUB,DDAC,0.5,100,300,40,0.01,0.15,1e-05,0.0868899731683644,0.975,0.0847177238391553,9.325,0.525,0.025,8.95,828.525,2.129569651188738,0.9866922988760736,0.4565550134158178
COMM_HUB,DDAC,1.0,20,300,40,0.01,0.15,1e-05,0.457892614232284,1.0,0.457892614232284,52.4,2.4,0.0,52.4,4103.35,9.516802624720482,0.7223698007490155,0.45175615480643
COMM_HUB,DDAC,1.0,40,300,40,0.01,0.15,1e-05,0.2383672548195074,0.975,0.2324080734490197,28.125,1.35,0.025,27.375,2167.76,5.0999167828955265,0.8727765447353114,0.5440233894146376
COMM_HUB,DDAC,1.0,60,300,40,0.01,0.15,1e-05,0.0941285483071594,1.0,0.0941285483071594,11.0,0.475,0.0,11.0,848.2900000000002,2.4872310632531187,0.9640148548545826,0.5661696573080254
COMM_HUB,DDAC,1.0,100,300,40,0.01,0.15,1e-05,0.0911704424982424,1.0,0.0911704424982424,9.35,0.5,0.0,9.35,886.1049999999999,2.185215752477152,0.9820012546627798,0.4544147787508787
COMM_HUB,DDDC,0.25,20,300,40,0.01,0.15,1e-05,0.4070039287789452,0.925,0.3764786341205243,53.375,2.1,0.075,47.975,3472.6899999999996,8.570273075288382,0.7537734654039291,0.4941633926842123
COMM_HUB,DDDC,0.25,40,300,40,0.01,0.15,1e-05,0.1909896233541092,0.975,0.1862148827702565,22.4,1.425,0.025,21.825,1645.59,4.285021521690679,0.9070136437228524,0.5778645547470649
COMM_HUB,DDDC,0.25,60,300,40,0.01,0.15,1e-05,0.2068454511921683,0.925,0.1913320423527557,24.6,1.175,0.075,21.75,1794.0099999999998,4.26815812883626,0.9028559526442392,0.4957215930048947
COMM_HUB,DDDC,0.25,100,300,40,0.01,0.15,1e-05,0.0921048579325729,0.95,0.0874996150359442,9.725,0.625,0.05,8.9,754.28,2.1973631531234483,0.985118621667328,0.4539475710337135
COMM_HUB,DDDC,0.5,20,240,40,0.01,0.15,1e-05,0.3028038488145305,1.0,0.3028038488145305,35.1,1.675,0.0,35.1,2684.83,6.632151587950267,0.8231133643862926,0.5809967926545581
COMM_HUB,DDDC,0.5,40,300,40,0.01,0.15,1e-05,0.2210429202920245,0.975,0.2155168472847238,25.4,1.15,0.025,24.875,1878.02,4.801938229022821,0.8854102266891724,0.5563979140771254
COMM_HUB,DDDC,0.5,60,300,40,0.01,0.15,1e-05,0.1295681333053475,1.0,0.1295681333053475,13.425,0.6,0.0,13.425,1114.12,3.047176506224491,0.9471179094937308,0.5440199166841577
COMM_HUB,DDDC,0.5,100,240,40,0.01,0.15,1e-05,0.0799227808857522,1.0,0.0799227808857522,7.925,0.425,0.0,7.925,651.6,2.038996151514779,0.98955002640097,0.4600386095571238
COMM_HUB,DDDC,1.0,20,300,40,0.01,0.15,1e-05,0.4005269151740032,0.925,0.370487396535953,49.975,2.175,0.075,47.325,3403.365,8.44980062223646,0.758157505136898,0.4995609040216641
COMM_HUB,DDDC,1.0,40,300,40,0.01,0.15,1e-05,0.2402322884350811,0.95,0.228220674013327,28.25,1.3,0.05,27.05,2070.2,5.131995361083396,0.8740936215149191,0.5426912225463706
COMM_HUB,DDDC,1.0,60,240,40,0.01,0.15,1e-05,0.0939993978028535,1.0,0.0939993978028535,10.05,0.825,0.0,10.05,795.575,2.485190485285087,0.9709783071492678,0.5662503763732165
COMM_HUB,DDDC,1.0,100,300,40,0.01,0.15,1e-05,0.0929629374103709,1.0,0.0929629374103709,9.1,0.4,0.0,9.1,797.1600000000001,2.208518186334822,0.988339148052484,0.4535185312948145
COMM_HUB,RC,0.25,20,300,40,0.01,0.15,1e-05,0.3348057450433978,1.0,0.3348057450433978,39.15,2.05,0.0,39.15,2572.55,7.227386857807199,0.8022787847852081,0.5543285457971685
COMM_HUB,RC,0.25,40,300,40,0.01,0.15,1e-05,0.1883085249702063,0.95,0.178893098721696,24.325,1.4,0.05,22.55,1555.02,4.238906629487548,0.9067666064699884,0.5797796250212812
COMM_HUB,RC,0.25,60,300,40,0.01,0.15,1e-05,0.1107271225229803,1.0,0.1107271225229803,12.75,0.5,0.0,12.75,955.775,2.749488535863089,0.9620001199006312,0.5557955484231372
COMM_HUB,RC,0.25,100,300,40,0.01,0.15,1e-05,0.0662928932248384,0.95,0.0629782485635965,8.625,0.375,0.05,7.975,529.8149999999999,1.8618076119229,0.9904750080742328,0.4668535533875808
COMM_HUB,RC,0.5,20,300,40,0.01,0.15,1e-05,0.38890832715579,0.95,0.3694629107980005,46.875,2.05,0.05,45.525,3104.32,8.233694885097695,0.7661657641736734,0.5092430607035083
COMM_HUB,RC,0.5,40,300,40,0.01,0.15,1e-05,0.1857580787363404,1.0,0.1857580787363404,22.35,1.175,0.0,22.35,1533.8,4.195038954265057,0.9094049121970688,0.5816013723311853
COMM_HUB,RC,0.5,60,300,40,0.01,0.15,1e-05,0.1566722240977936,1.0,0.1566722240977936,18.525,0.7,0.0,18.525,1310.87,3.4754211407451394,0.9357436697753878,0.5270798599388791
COMM_HUB,RC,0.5,100,300,40,0.01,0.15,1e-05,0.0632896931991668,1.0,0.0632896931991668,7.75,0.55,0.0,7.75,492.83,1.8227660115891695,0.9931512556221428,0.4683551534004165
COMM_HUB,RC,1.0,20,300,40,0.01,0.15,1e-05,0.3554546278838711,0.95,0.3376818964896776,43.15,2.375,0.05,41.35,2729.925,7.611456078640005,0.7879106687004208,0.5371211434301074
COMM_HUB,RC,1.0,40,300,40,0.01,0.15,1e-05,0.1812031678723657,0.95,0.1721430094787474,22.675,0.85,0.05,21.8,1449.115,4.116694487404691,0.9075747785536018,0.5848548800911674
COMM_HUB,RC,1.0,60,240,40,0.01,0.15,1e-05,0.1054588890891115,1.0,0.1054588890891115,12.25,0.4,0.0,12.25,882.1049999999999,2.666250447607962,0.9592069341207968,0.5590881943193052
COMM_HUB,RC,1.0,100,300,40,0.01,0.15,1e-05,0.065428493069527,0.975,0.0637927807427888,7.55,0.325,0.025,7.4,530.4399999999999,1.8505704099038511,0.9906173442097708,0.4672857534652365
CYBER_PHYSICS_OVERLAP,DCAC,0.25,20,300,40,0.01,0.15,1e-05,0.3781303861915953,0.925,0.3497706072272257,47.575,2.025,0.075,44.075,3402.6449999999995,8.033225183163673,0.7718078437299859,0.5182246781736707
CYBER_PHYSICS_OVERLAP,DCAC,0.25,40,300,40,0.01,0.15,1e-05,0.1940063036802848,1.0,0.1940063036802848,23.0,0.85,0.0,23.0,1852.29,4.336908423300899,0.9025255589140708,0.5757097830855109
CYBER_PHYSICS_OVERLAP,DCAC,0.25,60,300,40,0.01,0.15,1e-05,0.1111039807582728,0.975,0.1083263812393159,13.5,0.4,0.025,13.5,1191.785,2.7554428959807105,0.9577179690227616,0.5555600120260794
CYBER_PHYSICS_OVERLAP,DCAC,0.25,100,300,40,0.01,0.15,1e-05,0.0918498717655864,0.975,0.0895536249714467,10.55,0.45,0.025,9.95,1064.715,2.1940483329526232,0.979358384264857,0.4540750641172068
CYBER_PHYSICS_OVERLAP,DCAC,0.5,20,300,40,0.01,0.15,1e-05,0.3688962731340027,0.95,0.3504514594773025,45.925,2.0,0.05,43.825,3419.8950000000004,7.861470680292451,0.7790172654527522,0.5259197723883311
CYBER_PHYSICS_OVERLAP,DCAC,0.5,40,300,40,0.01,0.15,1e-05,0.1940960158947687,0.975,0.1892436154973995,25.55,1.25,0.025,23.925,1891.24,4.3384514733900215,0.9072406559831344,0.5756457029323082
CYBER_PHYSICS_OVERLAP,DCAC,0.5,60,300,40,0.01,0.15,1e-05,0.1265428546634229,1.0,0.1265428546634229,15.2,0.9,0.0,15.2,1310.79,2.999377103682082,0.9457075198318444,0.5459107158353607
CYBER_PHYSICS_OVERLAP,DCAC,0.5,100,300,40,0.01,0.15,1e-05,0.0890429448514071,1.0,0.0890429448514071,9.6,0.35,0.0,9.6,1064.66,2.157558283068292,0.9830672076617708,0.4554785275742965
CYBER_PHYSICS_OVERLAP,DCAC,1.0,20,300,40,0.01,0.15,1e-05,0.4486424049818568,1.0,0.4486424049818568,53.225,2.3,0.0,53.225,4102.385,9.344748732662538,0.728382436761793,0.4594646625151193
CYBER_PHYSICS_OVERLAP,DCAC,1.0,40,300,40,0.01,0.15,1e-05,0.2084489127395812,0.975,0.2032376899210917,25.425,1.175,0.025,25.2,2006.0350000000003,4.585321299120798,0.8915270337591783,0.565393633757442
CYBER_PHYSICS_OVERLAP,DCAC,1.0,60,300,40,0.01,0.15,1e-05,0.1144503800863335,0.975,0.1115891205841751,15.05,0.825,0.025,13.525,1178.85,2.8083160053640697,0.952601005297426,0.5534685124460414
CYBER_PHYSICS_OVERLAP,DCAC,1.0,100,300,40,0.01,0.15,1e-05,0.0808639752909279,1.0,0.0808639752909279,9.175,0.375,0.0,9.175,935.385,2.051231678782064,0.9855665705515854,0.459568012354536
CYBER_PHYSICS_OVERLAP,DCDC,0.25,20,300,40,0.01,0.15,1e-05,0.5094262092768345,0.825,0.4202766226533884,78.2,2.45,0.175,70.2,3698.215,10.475327492549122,0.6853729639700576,0.4088114922693046
CYBER_PHYSICS_OVERLAP,DCDC,0.25,40,300,40,0.01,0.15,1e-05,0.3985066659799987,0.875,0.3486933327324988,66.275,2.725,0.125,60.775,2693.415,7.854314654855978,0.7755959436896671,0.4296380957285723
CYBER_PHYSICS_OVERLAP,DCDC,0.25,60,300,40,0.01,0.15,1e-05,0.2824162094944341,0.925,0.2612349937823516,46.55,1.65,0.075,44.65,1994.365,5.462176110012059,0.8699409181851585,0.4484898690659786
CYBER_PHYSICS_OVERLAP,DCDC,0.25,100,240,40,0.01,0.15,1e-05,0.0667748548789439,1.0,0.0667748548789439,10.65,0.5,0.0,10.65,450.35,1.8680731134262711,0.994664450830714,0.466612572560528
CYBER_PHYSICS_OVERLAP,DCDC,0.5,20,300,40,0.01,0.15,1e-05,0.5482752854916733,0.9,0.4934477569425059,83.25,2.425,0.1,76.225,3770.0,11.197920310145124,0.6616210644304124,0.3764372620902722
CYBER_PHYSICS_OVERLAP,DCDC,0.5,40,300,40,0.01,0.15,1e-05,0.436491201755351,0.9,0.3928420815798159,68.875,2.5,0.1,65.225,3032.925,8.507648670192037,0.7522807188590219,0.4025062844604636
CYBER_PHYSICS_OVERLAP,DCDC,0.5,60,300,40,0.01,0.15,1e-05,0.3153827128965686,0.95,0.2996135772517401,50.3,1.5,0.05,49.675,2184.975,5.983046863765785,0.8498610774662196,0.4278858044396445
CYBER_PHYSICS_OVERLAP,DCDC,0.5,100,300,40,0.01,0.15,1e-05,0.0758435100747455,1.0,0.0758435100747455,11.85,0.65,0.0,11.85,498.775,1.9859656309716924,0.9956955518126324,0.4620782449626272
CYBER_PHYSICS_OVERLAP,DCDC,1.0,20,300,40,0.01,0.15,1e-05,0.587152280692148,0.9,0.5284370526229332,86.325,1.925,0.1,80.475,4146.295,11.921032420873953,0.6363510175501039,0.3440397660898767
CYBER_PHYSICS_OVERLAP,DCDC,1.0,40,300,40,0.01,0.15,1e-05,0.4290857832143162,0.9,0.3861772048928846,68.6,2.2,0.1,63.4,3036.8950000000004,8.380275471286238,0.7570942409106944,0.4077958691326313
CYBER_PHYSICS_OVERLAP,DCDC,1.0,60,300,40,0.01,0.15,1e-05,0.2738010195379085,0.975,0.2669559940494607,43.7,1.575,0.025,42.2,2016.41,5.326056108698954,0.8791502018087641,0.4538743627888071
CYBER_PHYSICS_OVERLAP,DCDC,1.0,100,300,40,0.01,0.15,1e-05,0.0841593124431304,1.0,0.0841593124431304,13.325,0.7,0.0,13.325,544.0550000000001,2.0940710617606957,0.9908253793648604,0.4579203437784348
CYBER_PHYSICS_OVERLAP,DDAC,0.25,20,300,40,0.01,0.15,1e-05,0.4898489879213558,0.95,0.4653565385252879,60.075,2.25,0.05,58.4,3830.480000000001,10.111191175337217,0.7005981578511188,0.4251258433988703
CYBER_PHYSICS_OVERLAP,DDAC,0.25,40,300,40,0.01,0.15,1e-05,0.2456812492789917,1.0,0.2456812492789917,29.4,0.9,0.0,29.4,1869.44,5.225717487598658,0.8771749743778307,0.5387991076578631
CYBER_PHYSICS_OVERLAP,DDAC,0.25,60,300,40,0.01,0.15,1e-05,0.1468335477209327,0.95,0.1394918703348861,19.3,1.05,0.05,18.425,1054.8849999999998,3.3199700539907377,0.9414291127098924,0.533229032674417
CYBER_PHYSICS_OVERLAP,DDAC,0.25,100,300,40,0.01,0.15,1e-05,0.1315008416985275,0.925,0.1216382785711379,14.575,0.9,0.075,13.475,1322.675,2.709510942080858,0.9708661594997328,0.4342495791507362
CYBER_PHYSICS_OVERLAP,DDAC,0.5,20,300,40,0.01,0.15,1e-05,0.4811363632049906,0.975,0.4691079541248658,57.825,2.45,0.025,56.475,3788.78,9.949136355612826,0.7066473143247085,0.4323863639958412
CYBER_PHYSICS_OVERLAP,DDAC,0.5,40,300,40,0.01,0.15,1e-05,0.2798411882397718,0.975,0.2728451585337775,35.45,1.825,0.025,33.875,2132.67,5.813268437724075,0.8564310517716983,0.514399151257306
CYBER_PHYSICS_OVERLAP,DDAC,0.5,60,300,40,0.01,0.15,1e-05,0.1583940069969909,0.975,0.1544341568220661,21.35,1.025,0.025,20.675,1100.6,3.5026253105524567,0.9328078601141372,0.5260037456268807
CYBER_PHYSICS_OVERLAP,DDAC,0.5,100,300,40,0.01,0.15,1e-05,0.1740826726406422,1.0,0.1740826726406422,17.75,0.675,0.0,17.75,1668.4150000000002,3.2630747443283483,0.9508866804484732,0.4129586636796789
CYBER_PHYSICS_OVERLAP,DDAC,1.0,20,300,40,0.01,0.15,1e-05,0.4708716638620146,0.925,0.4355562890723635,59.025,2.15,0.075,54.775,3694.31,9.758212947833474,0.7123193688976428,0.4409402801149878
CYBER_PHYSICS_OVERLAP,DDAC,1.0,40,300,40,0.01,0.15,1e-05,0.2544522492095649,0.925,0.2353683305188475,34.55,1.625,0.075,31.325,1953.83,5.376578686404516,0.8662973060531455,0.5325341077074537
CYBER_PHYSICS_OVERLAP,DDAC,1.0,60,300,40,0.01,0.15,1e-05,0.1580163248194918,1.0,0.1580163248194918,20.675,0.925,0.0,20.675,1034.965,3.4966579321479707,0.9392460927033628,0.5262397969878176
CYBER_PHYSICS_OVERLAP,DDAC,1.0,100,300,40,0.01,0.15,1e-05,0.1519736828069409,0.975,0.1481743407367674,15.425,0.65,0.025,15.1,1475.915,2.9756578764902333,0.9605049390973204,0.4240131585965295
CYBER_PHYSICS_OVERLAP,DDDC,0.25,20,300,40,0.01,0.15,1e-05,0.5271694333733301,0.95,0.5008109617046635,75.45,2.225,0.05,71.15,3962.255,10.80535146074394,0.6763398683073355,0.3940254721888916
CYBER_PHYSICS_OVERLAP,DDDC,0.25,40,300,40,0.01,0.15,1e-05,0.3139922849344607,1.0,0.3139922849344607,47.225,1.8,0.0,47.225,2367.76,6.4006673008727235,0.8328334998984076,0.4900055107610995
CYBER_PHYSICS_OVERLAP,DDDC,0.25,60,300,40,0.01,0.15,1e-05,0.241725784798362,1.0,0.241725784798362,36.6,1.625,0.0,36.6,1869.62,4.81926739981412,0.8959918744783462,0.4739213845010237
CYBER_PHYSICS_OVERLAP,DDDC,0.25,100,300,40,0.01,0.15,1e-05,0.0572001923720461,1.0,0.0572001923720461,8.5,0.4,0.0,8.5,431.5,1.7436025008365994,0.9963415908081212,0.471399903813977
CYBER_PHYSICS_OVERLAP,DDDC,0.5,20,300,40,0.01,0.15,1e-05,0.5775870533304894,0.95,0.5487077006639649,80.25,2.75,0.05,78.35,4461.6900000000005,11.743119191947104,0.6435684153351818,0.3520107888912588
CYBER_PHYSICS_OVERLAP,DDDC,0.5,40,300,40,0.01,0.15,1e-05,0.302967323770701,0.925,0.2802447744878985,48.4,2.0,0.075,45.6,2336.05,6.211037968856057,0.8389982515723287,0.4978804830209279
CYBER_PHYSICS_OVERLAP,DDDC,0.5,60,300,40,0.01,0.15,1e-05,0.2546437284402066,0.925,0.2355454488071911,39.075,1.6,0.075,37.225,2002.01,5.023370909355266,0.8863848748896164,0.4658476697248709
CYBER_PHYSICS_OVERLAP,DDDC,0.5,100,300,40,0.01,0.15,1e-05,0.0732472967091728,1.0,0.0732472967091728,10.65,0.7,0.0,10.65,588.635,1.952214857219247,0.9899118502036044,0.4633763516454136
CYBER_PHYSICS_OVERLAP,DDDC,1.0,20,300,40,0.01,0.15,1e-05,0.563002300736413,0.925,0.520777128181182,81.875,2.4,0.075,76.325,4434.535000000001,11.471842793697284,0.6525485045213315,0.3641647493863225
CYBER_PHYSICS_OVERLAP,DDDC,1.0,40,300,40,0.01,0.15,1e-05,0.3542959729932469,0.875,0.310008976369091,56.35,2.025,0.125,51.725,2726.0649999999996,7.093890735483846,0.8020880393448507,0.4612171621476807
CYBER_PHYSICS_OVERLAP,DDDC,1.0,60,300,40,0.01,0.15,1e-05,0.2396002826229789,0.95,0.2276202684918299,37.375,1.75,0.05,35.2,1923.655,4.785684465443067,0.893588235510365,0.4752498233606381
CYBER_PHYSICS_OVERLAP,DDDC,1.0,100,300,40,0.01,0.15,1e-05,0.0891077577372227,0.95,0.0846523698503616,13.1,0.425,0.05,12.45,795.33,2.158400850583896,0.9805354526177876,0.4554461211313886
CYBER_PHYSICS_OVERLAP,RC,0.25,20,300,40,0.01,0.15,1e-05,0.5040928964398766,0.9,0.453683606795889,71.4,2.375,0.1,65.65,3717.405,10.376127873781709,0.6903396173140801,0.4132559196334361
CYBER_PHYSICS_OVERLAP,RC,0.25,40,300,40,0.01,0.15,1e-05,0.3915185290273655,0.95,0.3719426025759972,56.55,1.875,0.05,54.575,2674.96,7.734118699270686,0.7833472785996298,0.4346296221233103
CYBER_PHYSICS_OVERLAP,RC,0.25,60,300,40,0.01,0.15,1e-05,0.1840427977627066,1.0,0.1840427977627066,25.5,1.125,0.0,25.5,1407.6,3.907876204650764,0.9211183036056566,0.5099732513983083
CYBER_PHYSICS_OVERLAP,RC,0.25,100,300,40,0.01,0.15,1e-05,0.0713821929651996,1.0,0.0713821929651996,10.05,0.575,0.0,10.05,524.4449999999999,1.9279685085475955,0.990871990536448,0.4643089035174002
CYBER_PHYSICS_OVERLAP,RC,0.5,20,300,40,0.01,0.15,1e-05,0.4762842697968,0.9,0.42865584281712,68.25,2.7,0.1,62.75,3478.55,9.858887418220483,0.70841522463208,0.4364297751693332
CYBER_PHYSICS_OVERLAP,RC,0.5,40,300,40,0.01,0.15,1e-05,0.3904365715705254,0.925,0.3611538287027361,56.925,2.15,0.075,54.15,2583.88,7.715509031013037,0.7824463517668123,0.4354024488781961
CYBER_PHYSICS_OVERLAP,RC,0.5,60,300,40,0.01,0.15,1e-05,0.2080115569092969,0.95,0.197610979063832,28.8,1.8,0.05,28.15,1625.495,4.28658259916689,0.911301262582129,0.4949927769316893
CYBER_PHYSICS_OVERLAP,RC,0.5,100,300,40,0.01,0.15,1e-05,0.0550226468865351,0.975,0.0536470807143717,8.125,0.4,0.025,7.925,411.925,1.7152944095249567,0.9922839510074184,0.4724886765567324
CYBER_PHYSICS_OVERLAP,RC,1.0,20,300,40,0.01,0.15,1e-05,0.5460863616729477,0.925,0.5051298845474766,77.8,2.15,0.075,72.05,3981.15,11.157206327116828,0.663543864912584,0.3782613652725436
CYBER_PHYSICS_OVERLAP,RC,1.0,40,300,40,0.01,0.15,1e-05,0.3329316069500861,0.95,0.3162850266025818,48.525,1.925,0.05,46.6,2279.3599999999997,6.726423639541482,0.8211365173052938,0.4764774236070813
CYBER_PHYSICS_OVERLAP,RC,1.0,60,300,40,0.01,0.15,1e-05,0.1980053373610708,0.975,0.193055203927044,28.45,1.4,0.025,27.725,1395.535,4.12848433030492,0.921048629181294,0.5012466641493307
CYBER_PHYSICS_OVERLAP,RC,1.0,100,300,40,0.01,0.15,1e-05,0.0570910592022345,1.0,0.0570910592022345,8.5,0.575,0.0,8.5,394.13,1.7421837696290492,0.9955699084341272,0.4714544703988826
NO_PROTECTION,DCAC,0.25,20,180,40,0.01,0.15,1e-05,0.8150980252394084,0.975,0.7947205746084232,91.925,2.675,0.025,90.8,7450.395000000001,16.160823269452997,0.4896862835943844,0.1540849789671595
NO_PROTECTION,DCAC,0.25,40,300,40,0.01,0.15,1e-05,0.8105473232187608,0.825,0.6687015416554776,113.4,0.675,0.175,94.75,6975.215000000001,14.941413959362688,0.5061442399078055,0.135323340558028
NO_PROTECTION,DCAC,0.25,60,180,40,0.01,0.15,1e-05,0.8173729557132201,0.925,0.7560699840347286,97.5,2.225,0.075,92.075,7348.63,13.91449270026888,0.5242075787864069,0.1141419026792373
NO_PROTECTION,DCAC,0.25,100,180,40,0.01,0.15,1e-05,0.7074759149410544,0.85,0.6013545276998963,92.275,3.025,0.15,78.75,6475.360000000001,10.197186894233708,0.6251406552883145,0.1462620425294727
NO_PROTECTION,DCAC,0.5,20,240,40,0.01,0.15,1e-05,0.8996709494559461,0.925,0.8321956282467502,112.975,0.9,0.075,104.725,7778.535000000001,17.733879659880596,0.433713882853635,0.0836075421200449
NO_PROTECTION,DCAC,0.5,40,180,40,0.01,0.15,1e-05,0.8455624963224816,0.95,0.8032843715063575,99.7,2.15,0.05,95.65,7556.185,15.543674936746688,0.488384377390387,0.1103125026267988
NO_PROTECTION,DCAC,0.5,60,180,40,0.01,0.15,1e-05,0.8286060204712096,0.925,0.7664605689358689,97.6,2.525,0.075,92.6,7429.210000000001,14.09197512344511,0.5169060866937139,0.107121237205494
NO_PROTECTION,DCAC,0.5,100,300,40,0.01,0.15,1e-05,0.8450130510450347,0.85,0.7182610933882795,112.55,0.825,0.15,99.175,7226.795000000001,11.985169663585449,0.5357415168207276,0.0774934744774827
NO_PROTECTION,DCAC,1.0,20,180,40,0.01,0.15,1e-05,0.8424111760127524,0.925,0.779230337811796,101.35,2.25,0.075,95.225,7486.01,16.668847873837194,0.470932735591711,0.1313240199893731
NO_PROTECTION,DCAC,1.0,40,300,40,0.01,0.15,1e-05,0.9446040642476344,0.95,0.8973738610352527,114.175,0.075,0.05,111.075,8082.815,17.247189905059315,0.4240073582390374,0.0395685255374038
NO_PROTECTION,DCAC,1.0,60,180,40,0.01,0.15,1e-05,0.8565917128932945,0.95,0.8137621272486297,101.475,1.85,0.05,96.35,7672.94,14.534149063714054,0.5002153866193584,0.0896301794416909
NO_PROTECTION,DCAC,1.0,100,180,40,0.01,0.15,1e-05,0.8697046988222172,0.95,0.8262194638811063,101.65,2.4,0.05,98.425,7720.135,12.306161084688828,0.5296919457655587,0.0651476505888913
NO_PROTECTION,DCDC,0.25,20,240,40,0.01,0.15,1e-05,0.8249090058437322,0.9,0.7424181052593589,108.3,1.35,0.1,98.5,6992.9800000000005,16.34330750869342,0.4818091462015742,0.1459091617968899
NO_PROTECTION,DCDC,0.25,40,240,40,0.01,0.15,1e-05,0.750593165947184,0.85,0.6380041910551063,103.125,1.725,0.15,90.8,6304.845,13.91020245429156,0.5461144421343305,0.1781477386091543
NO_PROTECTION,DCDC,0.25,60,300,40,0.01,0.15,1e-05,0.855326452072234,0.875,0.7484106455632048,114.575,0.45,0.125,101.6,7270.385,14.514157942741296,0.4965378061530477,0.0904209674548537
NO_PROTECTION,DCDC,0.25,100,300,40,0.01,0.15,1e-05,0.8740094598539823,0.9,0.7866085138685841,110.95,0.7,0.1,103.825,7378.735000000001,12.36212297810177,0.5218938510949116,0.0629952700730089
NO_PROTECTION,DCDC,0.5,20,240,40,0.01,0.15,1e-05,0.8958794835965962,0.95,0.8510855094167663,110.0,0.8,0.05,107.075,7619.420000000001,17.663358394896694,0.4366783356622123,0.0867670970028364
NO_PROTECTION,DCDC,0.5,40,300,40,0.01,0.15,1e-05,0.8297680230683584,0.85,0.7053028196081046,113.625,0.3,0.15,98.65,7046.315,15.27200999677576,0.4946507850055671,0.1215942692368869
NO_PROTECTION,DCDC,0.5,60,240,40,0.01,0.15,1e-05,0.8497606580251725,0.9,0.7647845922226553,109.55,1.325,0.1,101.475,7267.5,14.426218396797733,0.5016555722836378,0.0938995887342671
NO_PROTECTION,DCDC,0.5,100,240,40,0.01,0.15,1e-05,0.865457043761183,0.925,0.8005477654790943,111.075,1.1,0.075,103.925,7343.405000000001,12.250941568895382,0.529952921555231,0.0672714781194084
NO_PROTECTION,DCDC,1.0,20,240,40,0.01,0.15,1e-05,0.8232877088930517,0.875,0.7203767452814203,111.05,1.0,0.125,99.125,6997.08,16.313151385410762,0.4823629892195164,0.1472602425891236
NO_PROTECTION,DCDC,1.0,40,240,40,0.01,0.15,1e-05,0.8326570887249787,0.875,0.7285749526343563,109.2,1.3,0.125,99.3,7057.660000000001,15.321701926069633,0.4937728923287638,0.1195306509107295
NO_PROTECTION,DCDC,1.0,60,180,40,0.01,0.15,1e-05,0.7806337183628395,0.925,0.7220861894856265,100.725,2.025,0.075,95.45,6547.985000000001,13.334012750132862,0.5480880830641544,0.1371039260232253
NO_PROTECTION,DCDC,1.0,100,240,40,0.01,0.15,1e-05,0.8469019573774066,0.9,0.762211761639666,108.775,0.975,0.1,101.775,7199.414999999999,12.009725445906287,0.5395137277046855,0.0765490213112966
NO_PROTECTION,DDAC,0.25,20,240,40,0.01,0.15,1e-05,0.8754264755849741,0.925,0.8097694899161011,107.7,1.375,0.075,101.175,7518.960000000001,17.282932445880515,0.4494727908697668,0.1038112703458549
NO_PROTECTION,DDAC,0.25,40,240,40,0.01,0.15,1e-05,0.8631029336730227,0.9,0.7767926403057205,108.2,1.275,0.1,99.775,7357.48,15.845370459175992,0.4749830931125352,0.0977836188049837
NO_PROTECTION,DDAC,0.25,60,300,40,0.01,0.15,1e-05,0.8379503228922356,0.85,0.7122577744584002,109.475,0.725,0.15,98.1,7150.4450000000015,14.23961510169732,0.5063322901200469,0.1012810481923527
NO_PROTECTION,DDAC,0.25,100,240,40,0.01,0.15,1e-05,0.8704648740143284,0.925,0.8051800084632538,106.875,1.425,0.075,100.125,7431.085000000001,12.316043362186267,0.5266978318906865,0.0647675629928358
NO_PROTECTION,DDAC,0.5,20,180,40,0.01,0.15,1e-05,0.8735567502431696,0.975,0.8517178314870903,99.35,2.525,0.025,98.275,7543.67,17.248155554522956,0.4516881123419398,0.1053693747973586
NO_PROTECTION,DDAC,0.5,40,240,40,0.01,0.15,1e-05,0.8901966402013116,0.925,0.8234318921862133,110.85,0.9,0.075,103.275,7597.110000000001,16.311382211462558,0.4583721838691475,0.0784309712847774
NO_PROTECTION,DDAC,0.5,60,180,40,0.01,0.15,1e-05,0.7891719703499142,0.9,0.7102547733149227,94.825,2.3,0.1,88.7,6767.780000000001,13.468917131528643,0.5410382192725558,0.1317675185313035
NO_PROTECTION,DDAC,0.5,100,300,40,0.01,0.15,1e-05,0.8172303556822996,0.825,0.6742150434378972,112.4,0.475,0.175,95.925,6977.914999999999,11.623994623869894,0.5513002688065053,0.0913848221588502
NO_PROTECTION,DDAC,1.0,20,240,40,0.01,0.15,1e-05,0.8524161703643802,0.875,0.7458641490688327,111.05,1.0,0.125,99.125,7248.45,16.854940768777475,0.4634294892631528,0.1229865246963498
NO_PROTECTION,DDAC,1.0,40,180,40,0.01,0.15,1e-05,0.86148975893298,0.95,0.8184152709863309,98.425,1.75,0.05,97.375,7352.964999999999,15.817623853647255,0.478031656693563,0.0989358864764428
NO_PROTECTION,DDAC,1.0,60,240,40,0.01,0.15,1e-05,0.8308141041613885,0.85,0.7061919885371801,109.025,0.875,0.15,96.725,7101.295000000001,14.126862845749937,0.5109708322950974,0.1057411848991322
NO_PROTECTION,DDAC,1.0,100,180,40,0.01,0.15,1e-05,0.8115156974755312,0.9,0.7303641277279781,97.125,2.325,0.1,91.675,6990.025,11.54970406718191,0.5625147966409046,0.0942421512622343
NO_PROTECTION,DDDC,0.25,20,300,40,0.01,0.15,1e-05,0.9242499396296694,0.95,0.8780374426481858,113.775,0.55,0.05,109.325,7908.075,18.191048877111847,0.418237539240715,0.0631250503086089
NO_PROTECTION,DDDC,0.25,40,240,40,0.01,0.15,1e-05,0.7570407611866827,0.85,0.6434846470086804,103.125,1.725,0.15,90.8,6515.665,14.02110109241094,0.5419235052286563,0.1735423134380838
NO_PROTECTION,DDDC,0.25,60,240,40,0.01,0.15,1e-05,0.8205153108042792,0.9,0.7384637797238512,103.825,1.075,0.1,97.925,7059.67,13.96414191070761,0.5206650479772185,0.1121779307473254
NO_PROTECTION,DDDC,0.25,100,300,40,0.01,0.15,1e-05,0.8775417466318836,0.9,0.7897875719686952,114.175,0.55,0.1,104.025,7491.045000000001,12.408042706214484,0.5195978646892757,0.0612291266840582
NO_PROTECTION,DDDC,0.5,20,240,40,0.01,0.15,1e-05,0.8829572090162889,0.925,0.8167354183400674,112.975,0.9,0.075,104.725,7532.720000000001,17.423004087702974,0.4445778141394121,0.0975356591530925
NO_PROTECTION,DDDC,0.5,40,240,40,0.01,0.15,1e-05,0.8190688165475948,0.875,0.7166852144791455,105.225,1.175,0.125,97.325,7044.395000000001,15.087983644618628,0.5026052692440635,0.1292365596088608
NO_PROTECTION,DDDC,0.5,60,240,40,0.01,0.15,1e-05,0.8219631163615094,0.875,0.7192177268163208,108.7,1.05,0.125,97.625,7037.665000000001,13.987017238511848,0.518223974365019,0.1112730522740566
NO_PROTECTION,DDDC,0.5,100,240,40,0.01,0.15,1e-05,0.8426500861896062,0.9,0.7583850775706457,110.95,0.675,0.1,100.325,7264.98,11.954451120464883,0.5422774439767558,0.0786749569051968
NO_PROTECTION,DDDC,1.0,20,180,40,0.01,0.15,1e-05,0.7652017059437103,0.925,0.707811577997932,100.6,2.175,0.075,93.175,6643.37,15.232751730553014,0.5211188911365883,0.195665245046908
NO_PROTECTION,DDDC,1.0,40,240,40,0.01,0.15,1e-05,0.8509928669693178,0.9,0.765893580272386,110.4,0.675,0.1,101.325,7351.3,15.637077311872266,0.4828546364699434,0.1064336664504872
NO_PROTECTION,DDDC,1.0,60,300,40,0.01,0.15,1e-05,0.8856905498229498,0.9,0.7971214948406549,115.15,0.325,0.1,104.95,7567.030000000001,14.993910687202606,0.4783011426150826,0.0714434063606563
NO_PROTECTION,DDDC,1.0,100,180,40,0.01,0.15,1e-05,0.7920178535079716,0.925,0.7326165144948737,98.2,2.05,0.075,95.75,6840.825,11.296232095603632,0.5776883952198184,0.1039910732460141
NO_PROTECTION,RC,0.25,20,240,40,0.01,0.15,1e-05,0.8469858659247308,0.925,0.783461925980376,104.3,1.425,0.075,99.325,7183.175,16.75393710619999,0.467959187148925,0.1275117783960576
NO_PROTECTION,RC,0.25,40,180,40,0.01,0.15,1e-05,0.8134883046340518,1.0,0.8134883046340518,95.1,2.925,0.0,95.1,6905.110000000001,14.99199883970569,0.5112326019878664,0.1332226395471059
NO_PROTECTION,RC,0.25,60,180,40,0.01,0.15,1e-05,0.7371704433230954,0.95,0.7003119211569406,88.725,2.975,0.05,86.075,6304.295,12.647293004504908,0.577839211839988,0.1642684729230653
NO_PROTECTION,RC,0.25,100,180,40,0.01,0.15,1e-05,0.7156148948481752,0.9,0.6440534053633576,87.275,3.325,0.1,84.2,6015.764999999999,10.302993633026276,0.6248503183486861,0.1421925525759124
NO_PROTECTION,RC,0.5,20,240,40,0.01,0.15,1e-05,0.8047445090947389,0.85,0.6840328327305281,107.8,1.15,0.15,94.9,6864.615,15.968247869162145,0.4939160690884197,0.1627129090877175
NO_PROTECTION,RC,0.5,40,240,40,0.01,0.15,1e-05,0.9027574829865131,0.95,0.8576196088371876,110.275,0.95,0.05,106.525,7662.74,16.527428707368028,0.4512076360587663,0.069458940723919
NO_PROTECTION,RC,0.5,60,240,40,0.01,0.15,1e-05,0.9153967053952308,0.95,0.8696268701254692,111.3,0.85,0.05,107.775,7787.94,15.463267945244649,0.4619921414931,0.0528770591279807
NO_PROTECTION,RC,0.5,100,180,40,0.01,0.15,1e-05,0.8400167963469711,1.0,0.8400167963469711,99.2,2.425,0.0,99.2,7010.839999999999,11.920218352510624,0.5539890823744686,0.0799916018265144
NO_PROTECTION,RC,1.0,20,180,40,0.01,0.15,1e-05,0.8060172088683816,0.925,0.745565918203253,101.45,2.1,0.075,94.675,6751.3200000000015,15.991920084951897,0.4945888142355519,0.1616523259430154
NO_PROTECTION,RC,1.0,40,180,40,0.01,0.15,1e-05,0.7662232268718066,0.875,0.6704453235128307,100.6,2.275,0.125,90.15,6467.075,14.179039502195073,0.5369549025333258,0.166983409377281
NO_PROTECTION,RC,1.0,60,300,40,0.01,0.15,1e-05,0.888888951111733,0.9,0.8000000560005598,115.15,0.325,0.1,104.95,7593.83,15.044445427565382,0.4762221817773735,0.0694444055551668
NO_PROTECTION,RC,1.0,100,240,40,0.01,0.15,1e-05,0.8589141568490224,0.9,0.7730227411641202,107.225,1.025,0.1,101.075,7289.955,12.16588403903729,0.5317057980481354,0.0705429215754888
PHYSICS_IMPACT,DCAC,0.25,20,300,40,0.01,0.15,1e-05,0.6771877322247116,0.975,0.6602580389190938,83.825,1.875,0.025,81.2,6295.585000000001,13.595691819379638,0.5793279740539374,0.2690102231460736
PHYSICS_IMPACT,DCAC,0.25,40,300,40,0.01,0.15,1e-05,0.3405958179986103,1.0,0.3405958179986103,42.45,1.6,0.0,42.45,3461.95,6.858248069576095,0.815982596150857,0.4710029871438498
PHYSICS_IMPACT,DCAC,0.25,60,300,40,0.01,0.15,1e-05,0.1207275583478863,0.975,0.1177093693891891,15.8,0.925,0.025,14.975,1277.69,2.9074954218966043,0.953237532296091,0.549545276032571
PHYSICS_IMPACT,DCAC,0.25,100,300,40,0.01,0.15,1e-05,0.085137928357512,1.0,0.085137928357512,9.1,0.4,0.0,9.1,1046.1950000000002,2.106793068647657,0.9878242180576068,0.457431035821244
PHYSICS_IMPACT,DCAC,0.5,20,300,40,0.01,0.15,1e-05,0.7358969139716871,0.95,0.6991020682731027,91.925,1.675,0.05,89.3,6723.82,14.68768259987338,0.5406670059184033,0.2200859050235941
PHYSICS_IMPACT,DCAC,0.5,40,300,40,0.01,0.15,1e-05,0.4218416118739586,0.925,0.3902034909834117,54.975,1.825,0.075,51.525,4261.360000000001,8.255675724232088,0.762802952281927,0.4129702772328867
PHYSICS_IMPACT,DCAC,0.5,60,300,40,0.01,0.15,1e-05,0.1299237557655589,1.0,0.1299237557655589,15.675,0.95,0.0,15.675,1315.595,3.0527953410958313,0.9535023353445248,0.5437976526465256
PHYSICS_IMPACT,DCAC,0.5,100,300,40,0.01,0.15,1e-05,0.090149629294243,1.0,0.090149629294243,10.0,0.5,0.0,10.0,1001.34,2.1719451808251597,0.9795303598501052,0.4549251853528785
PHYSICS_IMPACT,DCAC,1.0,20,300,40,0.01,0.15,1e-05,0.7457917466773315,0.925,0.6898573656765317,95.275,1.225,0.075,89.375,6777.3,14.871726488198368,0.5337353646597345,0.2118402111022237
PHYSICS_IMPACT,DCAC,1.0,40,300,40,0.01,0.15,1e-05,0.4569387155165962,1.0,0.4569387155165962,56.1,1.9,0.0,56.1,4638.610000000001,8.859345906885455,0.7429898349142123,0.3879009174881455
PHYSICS_IMPACT,DCAC,1.0,60,300,40,0.01,0.15,1e-05,0.1275669680249498,1.0,0.1275669680249498,15.375,1.275,0.0,15.375,1339.435,3.0155580947942084,0.9505387054565316,0.5452706449844062
PHYSICS_IMPACT,DCAC,1.0,100,240,40,0.01,0.15,1e-05,0.0735960673623842,1.0,0.0735960673623842,8.05,0.375,0.0,8.05,894.945,1.956748875710994,0.991264058333154,0.4632019663188078
PHYSICS_IMPACT,DCDC,0.25,20,300,40,0.01,0.15,1e-05,0.6952134816752965,0.875,0.6083117964658844,102.35,0.9,0.125,93.775,5596.360000000001,13.930970759160516,0.5656112369110573,0.2539887652705862
PHYSICS_IMPACT,DCDC,0.25,40,240,40,0.01,0.15,1e-05,0.586668201855935,0.975,0.5720014968095366,89.65,0.95,0.025,87.45,4469.0,11.090693071922082,0.6576656687936422,0.295236998674332
PHYSICS_IMPACT,DCDC,0.25,60,300,40,0.01,0.15,1e-05,0.5584283205316168,0.9,0.5025854884784552,85.425,1.0,0.1,79.35,4388.15,9.823167464399546,0.6910215916544491,0.2759822996677394
PHYSICS_IMPACT,DCDC,0.25,100,300,40,0.01,0.15,1e-05,0.3713813860109144,0.875,0.3249587127595502,56.0,1.55,0.125,51.2,3054.625,5.827958018141889,0.8461020990929053,0.3143093069945427
PHYSICS_IMPACT,DCDC,0.5,20,240,40,0.01,0.15,1e-05,0.680598259047952,0.925,0.6295533896193557,99.625,0.7,0.075,94.2,5367.5650000000005,13.659127618291908,0.5761111316188312,0.26616811746004
PHYSICS_IMPACT,DCDC,0.5,40,240,40,0.01,0.15,1e-05,0.5683594125478054,0.875,0.4973144859793297,88.425,1.575,0.125,81.075,4468.710000000001,10.775781895822252,0.6655663818439266,0.3083147053229961
PHYSICS_IMPACT,DCDC,0.5,60,240,40,0.01,0.15,1e-05,0.5099312427206492,0.95,0.4844346805846167,79.35,1.15,0.05,76.35,3887.12,9.05691363498626,0.725544692231578,0.3062929732995942
PHYSICS_IMPACT,DCDC,0.5,100,300,40,0.01,0.15,1e-05,0.4119739740258806,0.975,0.4016746246752336,58.175,1.5,0.025,57.9,3304.0449999999996,6.3556616623364475,0.8297169168831775,0.2940130129870597
PHYSICS_IMPACT,DCDC,1.0,20,240,40,0.01,0.15,1e-05,0.6782547299543463,0.95,0.644341993456629,100.05,1.15,0.05,96.6,5271.04,13.615537977150842,0.578134425529675,0.2681210583713781
PHYSICS_IMPACT,DCDC,1.0,40,300,40,0.01,0.15,1e-05,0.6222844853398092,0.875,0.5444989246723331,94.65,1.1,0.125,86.275,4976.325,11.703293147844716,0.6305150845291241,0.2697967961858506
PHYSICS_IMPACT,DCDC,1.0,60,300,40,0.01,0.15,1e-05,0.6027480774440981,0.925,0.5575419716357908,89.6,1.075,0.075,83.425,4747.645,10.523419623616752,0.6637137496613363,0.2482824515974386
PHYSICS_IMPACT,DCDC,1.0,100,300,40,0.01,0.15,1e-05,0.3949783390096345,0.9,0.3554805051086711,57.525,1.65,0.1,54.45,3158.945,6.1347184071252485,0.8332640796437376,0.3025108304951828
PHYSICS_IMPACT,DDAC,0.25,20,300,40,0.01,0.15,1e-05,0.4223390852155954,0.975,0.4117806080852055,51.45,2.275,0.025,49.7,3542.375,8.855506985010075,0.7447833432137989,0.4813840956536704
PHYSICS_IMPACT,DDAC,0.25,40,300,40,0.01,0.15,1e-05,0.2647912202672834,0.975,0.2581714397606013,32.675,1.325,0.025,31.825,2303.2799999999997,5.554408988597276,0.8608452644443034,0.5251491283805119
PHYSICS_IMPACT,DDAC,0.25,60,300,40,0.01,0.15,1e-05,0.1884125560129198,0.95,0.1789919282122738,23.125,1.325,0.05,22.7,1467.825,3.976918385004134,0.91633414329868,0.5072421524919252
PHYSICS_IMPACT,DDAC,0.25,100,300,40,0.01,0.15,1e-05,0.1210267082121969,1.0,0.1210267082121969,12.375,0.55,0.0,12.375,1203.34,2.5733472067585605,0.9651340398479114,0.4394866458939015
PHYSICS_IMPACT,DDAC,0.5,20,300,40,0.01,0.15,1e-05,0.4442337611503791,0.9,0.3998103850353413,55.85,2.375,0.1,52.05,3699.555,9.262747957397051,0.729134005660206,0.463138532374684
PHYSICS_IMPACT,DDAC,0.5,40,300,40,0.01,0.15,1e-05,0.3196212496807629,0.95,0.3036401871967247,38.275,1.8,0.05,36.65,2867.785,6.497485494509121,0.8300167315830018,0.4859848216565979
PHYSICS_IMPACT,DDAC,0.5,60,300,40,0.01,0.15,1e-05,0.2678395193254944,1.0,0.2678395193254944,33.275,1.025,0.0,33.275,2145.875,5.23186440534281,0.8703837742499723,0.4576003004215659
PHYSICS_IMPACT,DDAC,0.5,100,300,40,0.01,0.15,1e-05,0.0965695064351653,1.0,0.0965695064351653,9.65,0.525,0.0,9.65,932.1,2.2554035836571487,0.9821905318339696,0.4517152467824173
PHYSICS_IMPACT,DDAC,1.0,20,300,40,0.01,0.15,1e-05,0.519279667134991,0.95,0.4933156837782413,61.25,2.2,0.05,60.6,4328.415,10.65860180871083,0.681468216362256,0.4006002773875076
PHYSICS_IMPACT,DDAC,1.0,40,300,40,0.01,0.15,1e-05,0.3404892472531936,0.975,0.3319770160718638,39.925,1.475,0.025,39.45,3044.59,6.856415052754931,0.817681989285424,0.4710791091048617
PHYSICS_IMPACT,DDAC,1.0,60,300,40,0.01,0.15,1e-05,0.1633429758830485,1.0,0.1633429758830485,20.85,1.1,0.0,20.85,1203.235,3.580819018952167,0.9317194742063316,0.5229106400730946
PHYSICS_IMPACT,DDAC,1.0,100,300,40,0.01,0.15,1e-05,0.0757223997978012,1.0,0.0757223997978012,7.85,0.375,0.0,7.85,708.325,1.984391197371416,0.9889888592711696,0.4621388001010993
PHYSICS_IMPACT,DDDC,0.25,20,300,40,0.01,0.15,1e-05,0.717212765513612,0.925,0.6634218081000911,103.075,0.9,0.075,96.5,5814.775,14.340157438553186,0.5523117024161521,0.2356560287386566
PHYSICS_IMPACT,DDDC,0.25,40,300,40,0.01,0.15,1e-05,0.6372721170535008,0.95,0.6054085112008257,93.0,0.95,0.05,89.175,5468.84,11.961080413320214,0.6237731239152244,0.2590913449617851
PHYSICS_IMPACT,DDDC,0.25,60,300,40,0.01,0.15,1e-05,0.5216879980173352,0.875,0.4564769982651683,81.125,0.95,0.125,74.575,4333.9400000000005,9.242670368673895,0.713402801288732,0.2989450012391655
PHYSICS_IMPACT,DDDC,0.25,100,300,40,0.01,0.15,1e-05,0.3769875791830076,0.9,0.3392888212647069,53.95,1.525,0.1,50.325,3351.05,5.900838529379099,0.844958073531045,0.3115062104084962
PHYSICS_IMPACT,DDDC,0.5,20,300,40,0.01,0.15,1e-05,0.7221033208386893,0.9,0.6498929887548204,102.825,0.775,0.1,95.95,5876.125,14.431121767599624,0.5486328414548518,0.2315805659677588
PHYSICS_IMPACT,DDDC,0.5,40,240,40,0.01,0.15,1e-05,0.5853119935370114,0.95,0.5560463938601607,87.125,1.375,0.05,83.825,4964.385,11.067366288836592,0.6575472042009427,0.2962057189021349
PHYSICS_IMPACT,DDDC,0.5,60,300,40,0.01,0.15,1e-05,0.583180596379641,0.925,0.539442051651168,85.45,1.075,0.075,81.4,4780.780000000001,10.21425342279833,0.6764326123532334,0.2605121272627243
PHYSICS_IMPACT,DDDC,0.5,100,300,40,0.01,0.15,1e-05,0.4338474033780501,0.95,0.4121550332091476,58.475,1.45,0.05,56.675,3896.325,6.640016243914653,0.8129991878042674,0.2830762983109749
PHYSICS_IMPACT,DDDC,1.0,20,300,40,0.01,0.15,1e-05,0.6670197500394994,0.825,0.550291293782587,104.175,1.1,0.175,88.2,5494.84,13.40656735073469,0.5829371624743255,0.2774835416337505
PHYSICS_IMPACT,DDDC,1.0,40,240,40,0.01,0.15,1e-05,0.610272432885956,1.0,0.610272432885956,87.65,1.175,0.0,87.65,5196.775,11.496685845638444,0.6433229186241286,0.2783768336528885
PHYSICS_IMPACT,DDDC,1.0,60,300,40,0.01,0.15,1e-05,0.5369224107602163,0.875,0.4698071094151893,84.15,1.275,0.125,75.9,4466.13,9.483374090011418,0.7035004330058594,0.2894234932748648
PHYSICS_IMPACT,DDDC,1.0,100,300,40,0.01,0.15,1e-05,0.3921289883655959,0.875,0.3431128648198964,57.275,1.375,0.125,51.2,3574.1050000000005,6.097676848752749,0.8326161575623626,0.303935505817202
PHYSICS_IMPACT,RC,0.25,20,240,40,0.01,0.15,1e-05,0.6980749172245627,0.975,0.6806230442939486,95.65,1.7,0.025,93.925,5553.710000000001,13.984193460376869,0.5657513038040343,0.2516042356461977
PHYSICS_IMPACT,RC,0.25,40,240,40,0.01,0.15,1e-05,0.5492851911350661,0.95,0.5218209315783128,78.2,2.025,0.05,77.725,4206.74,10.44770528752314,0.6809646257622071,0.3219391491892385
PHYSICS_IMPACT,RC,0.25,60,300,40,0.01,0.15,1e-05,0.4388180289559925,0.875,0.3839657753364934,66.55,1.9,0.125,60.925,3384.925,7.933324857504682,0.7658157732151107,0.3507387319025046
PHYSICS_IMPACT,RC,0.25,100,300,40,0.01,0.15,1e-05,0.3277314285115462,0.975,0.3195381427987575,43.425,1.625,0.025,42.925,2463.645,5.260508570650101,0.8839651727267303,0.3361342857442269
PHYSICS_IMPACT,RC,0.5,20,240,40,0.01,0.15,1e-05,0.6814429887459929,0.925,0.6303347645900435,97.45,1.35,0.075,91.4,5365.715,13.67483959067547,0.5755620573151046,0.2654641760450059
PHYSICS_IMPACT,RC,0.5,40,240,40,0.01,0.15,1e-05,0.5867994997415863,0.925,0.5427895372609673,85.85,1.725,0.075,81.875,4531.905000000001,11.092951395555284,0.6555803251679689,0.2951432144702955
PHYSICS_IMPACT,RC,0.5,60,300,40,0.01,0.15,1e-05,0.5348682098270976,0.9,0.4813813888443878,77.45,1.525,0.1,71.925,4153.1,9.450917715268144,0.7063356636123865,0.290707368858064
PHYSICS_IMPACT,RC,0.5,100,300,40,0.01,0.15,1e-05,0.3286678419351144,0.975,0.3204511458867365,44.025,1.625,0.025,42.95,2542.88,5.272681945156489,0.8833822606229692,0.3356660790324427
PHYSICS_IMPACT,RC,1.0,20,300,40,0.01,0.15,1e-05,0.7328520702172641,0.875,0.641245561440106,104.375,0.8,0.125,94.975,5834.1050000000005,14.631048506041116,0.5411461543587783,0.2226232748189465
PHYSICS_IMPACT,RC,1.0,40,300,40,0.01,0.15,1e-05,0.6709871648296726,0.925,0.6206631274674471,96.65,0.825,0.075,90.35,5274.1,12.54097923507037,0.6008583428607128,0.2350091679788052
PHYSICS_IMPACT,RC,1.0,60,300,40,0.01,0.15,1e-05,0.5541773612243471,0.925,0.5126140591325211,76.75,1.6,0.075,73.925,4355.625,9.756002307344684,0.6952847152041743,0.278639149234783
PHYSICS_IMPACT,RC,1.0,100,300,40,0.01,0.15,1e-05,0.3292166042402275,0.925,0.3045253589222105,45.025,1.45,0.075,42.55,2520.325,5.2798158551229575,0.878509207243852,0.3353916978798862
POWER_CAPACITY,DCAC,0.25,20,300,40,0.01,0.15,1e-05,0.3724139704555788,0.925,0.3444829226714104,47.05,2.05,0.075,43.75,3304.12,7.926899850473767,0.7762026666959172,0.5229883579536843
POWER_CAPACITY,DCAC,0.25,40,300,40,0.01,0.15,1e-05,0.1968490645147182,1.0,0.1968490645147182,23.65,1.2,0.0,23.65,1885.035,4.385803909653154,0.9025604371315886,0.5736792396323441
POWER_CAPACITY,DCAC,0.25,60,300,40,0.01,0.15,1e-05,0.1208453880817211,0.975,0.1178242533796781,15.975,0.65,0.025,14.6,1158.025,2.909357131691194,0.948727475318876,0.5494716324489242
POWER_CAPACITY,DCAC,0.25,100,300,40,0.01,0.15,1e-05,0.0774526979050882,1.0,0.0774526979050882,8.525,0.425,0.0,8.525,850.04,2.006885072766147,0.9872512112062573,0.4612736510474559
POWER_CAPACITY,DCAC,0.5,20,300,40,0.01,0.15,1e-05,0.4331804494067613,0.925,0.4006919157012543,53.55,2.05,0.075,50.325,3820.195,9.057156358965765,0.736932707885605,0.4723496254943655
POWER_CAPACITY,DCAC,0.5,40,300,40,0.01,0.15,1e-05,0.1955141719660965,1.0,0.1955141719660965,23.55,0.95,0.0,23.55,1888.9,4.36284375781686,0.9013236130670704,0.5746327343099311
POWER_CAPACITY,DCAC,0.5,60,300,40,0.01,0.15,1e-05,0.1080733252549112,0.95,0.1026696589921656,13.275,0.625,0.05,12.575,1087.02,2.707558539027598,0.9615219470940596,0.5574541717156805
POWER_CAPACITY,DCAC,0.5,100,300,40,0.01,0.15,1e-05,0.0880065621140655,1.0,0.0880065621140655,9.7,0.3,0.0,9.7,958.005,2.1440853074828516,0.972983221646206,0.4559967189429672
POWER_CAPACITY,DCAC,1.0,20,300,40,0.01,0.15,1e-05,0.4749944902022272,1.0,0.4749944902022272,55.25,2.125,0.0,55.25,4203.6849999999995,9.834897517761426,0.7112535813685523,0.437504591498144
POWER_CAPACITY,DCAC,1.0,40,300,40,0.01,0.15,1e-05,0.1825906830739872,1.0,0.1825906830739872,22.225,1.175,0.0,22.225,1719.495,4.1405597488725805,0.9107417458913456,0.5838637978042949
POWER_CAPACITY,DCAC,1.0,60,300,40,0.01,0.15,1e-05,0.1682085452038038,1.0,0.1682085452038038,19.8,1.175,0.0,19.8,1699.955,3.657695014220101,0.9244389635569954,0.5198696592476225
POWER_CAPACITY,DCAC,1.0,100,300,40,0.01,0.15,1e-05,0.0802984785416466,0.975,0.0782910165781054,8.925,0.375,0.025,8.675,861.5049999999999,2.043880221041406,0.9752373988630288,0.4598507607291767
POWER_CAPACITY,DCDC,0.25,20,300,40,0.01,0.15,1e-05,0.7401656982473125,0.9,0.6661491284225812,105.625,0.6,0.1,96.45,5365.235000000001,14.767081987400012,0.5368922961392469,0.2165285847939062
POWER_CAPACITY,DCDC,0.25,40,300,40,0.01,0.15,1e-05,0.6618215250358966,0.9,0.595639372532307,97.125,0.65,0.1,89.35,4957.089999999999,12.38333023061742,0.6058160087266672,0.2415560535457881
POWER_CAPACITY,DCDC,0.25,60,300,40,0.01,0.15,1e-05,0.6028497056746507,0.9,0.5425647351071856,87.975,0.675,0.1,81.7,4625.725,10.52502534965948,0.6621476913114771,0.2482189339533433
POWER_CAPACITY,DCDC,0.25,100,300,40,0.01,0.15,1e-05,0.5002183555756424,0.975,0.4877128966862513,66.75,1.175,0.025,65.75,3938.425,7.502838622483352,0.7723580688758325,0.2498908222121788
POWER_CAPACITY,DCDC,0.5,20,300,40,0.01,0.15,1e-05,0.7247373748671052,0.875,0.634145203008717,104.35,0.725,0.125,94.15,5399.1449999999995,14.480115172528158,0.5464207063363816,0.229385520944079
POWER_CAPACITY,DCDC,0.5,40,300,40,0.01,0.15,1e-05,0.6443165465325492,0.9,0.5798848918792943,95.975,0.75,0.1,88.25,4750.24,12.082244600359846,0.6171942447538431,0.2540596096196077
POWER_CAPACITY,DCDC,0.5,60,300,40,0.01,0.15,1e-05,0.6262872991106094,0.925,0.5793157516773138,89.375,1.0,0.075,84.65,4757.325000000001,10.89533932594763,0.6484132555781039,0.2335704380558691
POWER_CAPACITY,DCDC,0.5,100,300,40,0.01,0.15,1e-05,0.4801524152940049,0.95,0.4561447945293046,65.025,1.15,0.05,63.725,3729.3600000000006,7.2419813988220625,0.7829009300588968,0.2599237923529975
POWER_CAPACITY,DCDC,1.0,20,300,40,0.01,0.15,1e-05,0.7129948751081893,0.85,0.6060456438419609,107.2,0.575,0.15,92.225,5223.58,14.261704677012322,0.553553331179677,0.2391709374098423
POWER_CAPACITY,DCDC,1.0,40,300,40,0.01,0.15,1e-05,0.6421606615414479,0.875,0.5618905788487669,98.425,0.875,0.125,87.275,4834.76,12.045163378512903,0.6175955699980589,0.2555995274703944
POWER_CAPACITY,DCDC,1.0,60,300,40,0.01,0.15,1e-05,0.5840821164849702,0.875,0.5110718519243489,87.375,1.375,0.125,79.7,4543.64,10.22849744046253,0.6728466242847694,0.2599486771968936
POWER_CAPACITY,DCDC,1.0,100,300,40,0.01,0.15,1e-05,0.4308924045372273,0.825,0.3554862337432125,65.525,1.35,0.175,57.475,3404.255,6.6016012589839566,0.8024199370508022,0.2845537977313863
POWER_CAPACITY,DDAC,0.25,20,300,40,0.01,0.15,1e-05,0.6156377258203253,0.9,0.5540739532382928,80.25,2.0,0.1,74.625,4400.460000000001,12.45086170025805,0.6178354782167885,0.3203018951497289
POWER_CAPACITY,DDAC,0.25,40,300,40,0.01,0.15,1e-05,0.336059831558209,0.925,0.3108553441913433,44.7,2.175,0.075,39.875,2433.465,6.780229102801195,0.8171860827988034,0.4742429774584221
POWER_CAPACITY,DDAC,0.25,60,300,40,0.01,0.15,1e-05,0.2604953385688999,0.95,0.2474705716404549,32.125,1.125,0.05,29.975,2047.9300000000003,5.11582634938862,0.8818791410158848,0.4621904133944375
POWER_CAPACITY,DDAC,0.25,100,300,40,0.01,0.15,1e-05,0.1653364408013815,1.0,0.1653364408013815,17.075,0.5,0.0,17.075,1322.33,3.1493737304179588,0.9569615013847012,0.4173317795993093
POWER_CAPACITY,DDAC,0.5,20,300,40,0.01,0.15,1e-05,0.6384839033241023,0.875,0.5586734154085895,86.325,2.075,0.125,77.5,4607.87,12.875800601828306,0.6024854628393335,0.3012634138965813
POWER_CAPACITY,DDAC,0.5,40,300,40,0.01,0.15,1e-05,0.3912112085341981,0.975,0.3814309283208431,49.2,1.95,0.025,47.35,2964.355,7.728832786788208,0.7842307077020146,0.4348491367612871
POWER_CAPACITY,DDAC,0.5,60,300,40,0.01,0.15,1e-05,0.2944148910573327,0.95,0.2796941465044661,34.225,1.65,0.05,33.2,2378.075,5.651755278705858,0.8628108889181302,0.440990693089167
POWER_CAPACITY,DDAC,0.5,100,300,40,0.01,0.15,1e-05,0.1948011478682506,1.0,0.1948011478682506,20.325,0.825,0.0,20.325,1624.71,3.5324149222872583,0.9430811201389038,0.4025994260658747
POWER_CAPACITY,DDAC,1.0,20,300,40,0.01,0.15,1e-05,0.6543695097006375,0.875,0.5725733209880578,85.925,1.7,0.125,79.075,4702.07,13.171272880431856,0.5921598186945857,0.2880254085828021
POWER_CAPACITY,DDAC,1.0,40,300,40,0.01,0.15,1e-05,0.3602328859673476,0.975,0.3512270638181639,45.4,1.875,0.025,43.975,2574.355,7.196005638638378,0.8020000802528269,0.4569765100233232
POWER_CAPACITY,DDAC,1.0,60,300,40,0.01,0.15,1e-05,0.328019534325321,0.95,0.3116185576090549,40.1,1.875,0.05,38.675,2489.105,6.182708642340072,0.8409839817408062,0.4199877910466744
POWER_CAPACITY,DDAC,1.0,100,300,40,0.01,0.15,1e-05,0.1605145167773394,0.975,0.156501653857906,16.825,0.75,0.025,16.775,1354.9450000000002,3.086688718105413,0.9551679379080088,0.4197427416113303
POWER_CAPACITY,DDDC,0.25,20,300,40,0.01,0.15,1e-05,0.7054148540570694,0.9,0.6348733686513625,100.275,1.025,0.1,92.925,5220.3099999999995,14.120716285461492,0.5594803448629049,0.2454876216191089
POWER_CAPACITY,DDDC,0.25,40,300,40,0.01,0.15,1e-05,0.6397569772508616,0.95,0.6077691283883184,92.475,1.125,0.05,87.85,5026.83,12.00382000871482,0.62215796478694,0.2573164448208132
POWER_CAPACITY,DDDC,0.25,60,240,40,0.01,0.15,1e-05,0.455356097181827,0.975,0.4439721947522813,67.7,1.675,0.025,67.575,3479.5100000000007,8.194626335472867,0.7625185368318125,0.3404024392613581
POWER_CAPACITY,DDDC,0.25,100,300,40,0.01,0.15,1e-05,0.4221592431621314,0.95,0.4010512810040248,55.85,1.4,0.05,54.55,3595.495,6.488070161107709,0.8205964919446146,0.2889203784189343
POWER_CAPACITY,DDDC,0.5,20,240,40,0.01,0.15,1e-05,0.6723447673225703,0.95,0.6387275289564418,93.65,1.25,0.05,89.9,4820.765,13.505612672199808,0.5819759012403293,0.2730460272311914
POWER_CAPACITY,DDDC,0.5,40,300,40,0.01,0.15,1e-05,0.6029719177876793,0.85,0.5125261301195274,93.15,1.05,0.15,82.6,4659.12,11.371116985948085,0.6420682534380084,0.2835914872945148
POWER_CAPACITY,DDDC,0.5,60,300,40,0.01,0.15,1e-05,0.572955820407463,0.925,0.5299841338769032,82.325,1.525,0.075,78.75,4612.175,10.052701962437917,0.6830787167351491,0.2669026122453356
POWER_CAPACITY,DDDC,0.5,100,300,40,0.01,0.15,1e-05,0.3961017389308176,0.975,0.3861991954575471,53.175,1.475,0.025,52.075,3487.0800000000004,6.14932260610063,0.8400338696949685,0.3019491305345911
POWER_CAPACITY,DDDC,1.0,20,240,40,0.01,0.15,1e-05,0.680011590336468,0.925,0.6290107210612329,95.05,1.325,0.075,90.425,4954.38,13.648215580258306,0.5764924662812958,0.2666570080529434
POWER_CAPACITY,DDDC,1.0,40,300,40,0.01,0.15,1e-05,0.644856196544325,0.9,0.5803705768898926,94.5,1.175,0.1,86.875,5038.75,12.091526580562393,0.6168434722461887,0.2536741453254821
POWER_CAPACITY,DDDC,1.0,60,300,40,0.01,0.15,1e-05,0.4974539194012427,0.825,0.4103994835060252,80.95,1.35,0.175,68.525,3914.54,8.859771926539636,0.7261549523891924,0.3140913003742233
POWER_CAPACITY,DDDC,1.0,100,300,40,0.01,0.15,1e-05,0.4064466148449407,0.9,0.3658019533604466,55.35,1.4,0.1,51.85,3728.1,6.283805992984229,0.8258097003507885,0.2967766925775296
POWER_CAPACITY,RC,0.25,20,180,40,0.01,0.15,1e-05,0.609839090692666,1.0,0.609839090692666,82.6,2.675,0.0,82.6,4016.15,12.343007086883588,0.6236045910497671,0.325134091089445
POWER_CAPACITY,RC,0.25,40,300,40,0.01,0.15,1e-05,0.6470434122405804,0.925,0.5985151563225368,90.9,1.15,0.075,85.475,4861.715,12.129146690537985,0.6164217820436229,0.2521118483995855
POWER_CAPACITY,RC,0.25,60,300,40,0.01,0.15,1e-05,0.4930054729785844,0.9,0.443704925680726,70.55,1.7,0.1,66.9,3629.495,8.789486473061633,0.7335464425639202,0.3168715793883847
POWER_CAPACITY,RC,0.25,100,300,40,0.01,0.15,1e-05,0.3365687245946002,0.975,0.3281545064797351,43.45,1.125,0.025,42.6,2500.115,5.375393419729802,0.8779115143788173,0.3317156377026999
POWER_CAPACITY,RC,0.5,20,300,40,0.01,0.15,1e-05,0.7486904486169725,0.875,0.6551041425398509,102.95,0.95,0.125,94.3,5545.34,14.92564234427569,0.5308512083989678,0.2094246261525229
POWER_CAPACITY,RC,0.5,40,300,40,0.01,0.15,1e-05,0.6798527063597074,0.925,0.6288637533827294,93.8,0.775,0.075,89.3,5034.5599999999995,12.693466549386963,0.5950957408661903,0.2286766383144947
POWER_CAPACITY,RC,0.5,60,240,40,0.01,0.15,1e-05,0.4603232581309715,0.975,0.4488151766776972,64.175,1.375,0.025,62.875,3387.6,8.27310747846935,0.7592898822148685,0.3372979636681427
POWER_CAPACITY,RC,0.5,100,300,40,0.01,0.15,1e-05,0.304621917871002,0.9,0.2741597260839019,42.2,1.525,0.1,38.8,2245.055,4.960084932323028,0.8911273011434375,0.3476890410644989
POWER_CAPACITY,RC,1.0,20,300,40,0.01,0.15,1e-05,0.771655156448092,0.9,0.6944896408032828,104.575,0.55,0.1,97.875,5755.715,15.352785909934514,0.5164241483087402,0.1902873696265899
POWER_CAPACITY,RC,1.0,40,300,40,0.01,0.15,1e-05,0.6440354532106859,0.875,0.5635310215593502,92.125,1.225,0.125,84.35,4805.3099999999995,12.077409795223796,0.6163769554130543,0.2542603905637958
POWER_CAPACITY,RC,1.0,60,240,40,0.01,0.15,1e-05,0.4477524711516872,0.925,0.4141710358153107,64.725,2.225,0.075,60.5,3270.5600000000004,8.074489044196657,0.7644608937514034,0.3451547055301955
POWER_CAPACITY,RC,1.0,100,300,40,0.01,0.15,1e-05,0.3139035991333486,0.95,0.2982084191766811,42.125,1.25,0.05,40.575,2305.4,5.080746788733533,0.8886330197903203,0.3430482004333257
POWER_DEGREE,DCAC,0.25,20,300,40,0.01,0.15,1e-05,0.7505959526265051,0.9,0.6755363573638546,97.925,1.375,0.1,91.075,6856.640000000001,14.961084718852993,0.5301126307927717,0.207836706144579
POWER_DEGREE,DCAC,0.25,40,300,40,0.01,0.15,1e-05,0.4775519700152628,0.875,0.417857973763355,62.8,2.375,0.125,58.625,4820.6050000000005,9.213893884262522,0.7245912194900791,0.3731771642748122
POWER_DEGREE,DCAC,0.25,60,300,40,0.01,0.15,1e-05,0.441182994974323,0.95,0.4191238452256068,56.625,1.825,0.05,54.025,4596.4800000000005,7.970691320594304,0.7695376517082927,0.3492606281410481
POWER_DEGREE,DCAC,0.25,100,300,40,0.01,0.15,1e-05,0.3623944579425199,0.925,0.3352148735968309,41.975,1.5,0.075,39.05,4116.9800000000005,5.711127953252759,0.8560255140900296,0.31880277102874
POWER_DEGREE,DCAC,0.5,20,300,40,0.01,0.15,1e-05,0.7218131027651354,0.825,0.5954958097812367,102.375,1.125,0.175,87.075,6528.700000000001,14.42572371143152,0.5473214832026618,0.2318224143623871
POWER_DEGREE,DCAC,0.5,40,300,40,0.01,0.15,1e-05,0.6145012348097193,0.925,0.5684136421989904,79.875,2.15,0.075,74.6,5987.8949999999995,11.56942123872717,0.6375741973736825,0.2753562608502005
POWER_DEGREE,DCAC,0.5,60,300,40,0.01,0.15,1e-05,0.5027235576046928,0.95,0.4775873797244581,63.475,1.8,0.05,60.375,5125.6,8.943032210154147,0.7302296875569498,0.310797776497067
POWER_DEGREE,DCAC,0.5,100,300,40,0.01,0.15,1e-05,0.3680823927276442,0.95,0.349678273091262,39.075,1.075,0.05,38.6,4188.465,5.785071105459375,0.855715036236262,0.3159588036361779
POWER_DEGREE,DCAC,1.0,20,300,40,0.01,0.15,1e-05,0.8131583161992062,0.9,0.7318424845792856,106.0,0.975,0.1,97.5,7283.085000000001,16.124744681305238,0.4894470944705159,0.1557014031673281
POWER_DEGREE,DCAC,1.0,40,300,40,0.01,0.15,1e-05,0.6237718023218217,0.95,0.5925832122057306,79.5,1.45,0.05,76.175,6098.32,11.728874999935332,0.632548328490816,0.2687344269129845
POWER_DEGREE,DCAC,1.0,60,300,40,0.01,0.15,1e-05,0.4876509326882828,0.95,0.4632683860538686,62.525,1.45,0.05,59.425,4906.06,8.704884736474867,0.7400268937526162,0.3202181670698232
POWER_DEGREE,DCAC,1.0,100,300,40,0.01,0.15,1e-05,0.3819855230015927,0.95,0.362886246851513,41.075,1.225,0.05,40.2,4222.245,5.965811799020706,0.8452189887368544,0.3090072384992036
POWER_DEGREE,DCDC,0.25,20,300,40,0.01,0.15,1e-05,0.7050570804917652,0.875,0.6169249454302945,103.4,0.8,0.125,92.375,5983.55,14.114061697146832,0.5592128976803525,0.2457857662568623
POWER_DEGREE,DCDC,0.25,40,300,40,0.01,0.15,1e-05,0.6066889625132166,0.875,0.5308528421990645,93.4,1.0,0.125,83.4,5205.81,11.435050155227326,0.6406521743664092,0.2809364553477024
POWER_DEGREE,DCDC,0.25,60,300,40,0.01,0.15,1e-05,0.279265567112522,0.95,0.2653022887568959,43.625,1.7,0.05,40.25,2495.4849999999997,5.4123959603778475,0.871471586107343,0.4504590205546737
POWER_DEGREE,DCDC,0.25,100,300,40,0.01,0.15,1e-05,0.1792521195892139,0.925,0.1658082106200228,24.725,1.075,0.075,22.975,1713.4050000000002,3.33027755465978,0.9592255386168816,0.4103739402053931
POWER_DEGREE,DCDC,0.5,20,240,40,0.01,0.15,1e-05,0.6703097776195461,0.9,0.6032787998575916,98.6,1.3,0.1,90.9,5637.610000000001,13.467761863723558,0.5822986445472951,0.2747418519837116
POWER_DEGREE,DCDC,0.5,40,240,40,0.01,0.15,1e-05,0.5568957589599837,0.9,0.5012061830639853,82.425,1.975,0.1,77.525,4700.585000000001,10.57860705411172,0.6740177566760106,0.3165030293142973
POWER_DEGREE,DCDC,0.5,60,300,40,0.01,0.15,1e-05,0.3046989764443565,0.975,0.2970815020332476,44.15,1.575,0.025,43.7,2592.05,5.8142438278208335,0.8588154383796335,0.4345631397222771
POWER_DEGREE,DCDC,0.5,100,300,40,0.01,0.15,1e-05,0.168283420073504,0.95,0.1598692490698288,23.875,1.2,0.05,22.4,1542.395,3.187684460955552,0.9693974638672356,0.415858289963248
POWER_DEGREE,DCDC,1.0,20,240,40,0.01,0.15,1e-05,0.702861663463753,0.9,0.6325754971173777,101.375,1.175,0.1,93.875,5947.695,14.073226940425808,0.5611399187485605,0.2476152804468724
POWER_DEGREE,DCDC,1.0,40,300,40,0.01,0.15,1e-05,0.6162855855614218,0.875,0.539249887366244,94.3,1.05,0.125,84.175,5349.345,11.600112071656453,0.6344143693850759,0.2740817245989845
POWER_DEGREE,DCDC,1.0,60,300,40,0.01,0.15,1e-05,0.2771481246513875,0.975,0.2702194215351028,41.025,1.9,0.025,41.0,2315.7349999999997,5.3789403694919224,0.877118679121254,0.4517824220928828
POWER_DEGREE,DCDC,1.0,100,300,40,0.01,0.15,1e-05,0.1893018425368769,0.95,0.179836750410033,27.075,1.0,0.05,25.525,1711.1950000000002,3.4609239529794005,0.953997486183382,0.4053490787315615
POWER_DEGREE,DDAC,0.25,20,240,40,0.01,0.15,1e-05,0.3751117491973327,1.0,0.3751117491973327,42.075,2.2,0.0,42.075,3448.9950000000003,7.9770785350703886,0.7759938211533431,0.5207402090022228
POWER_DEGREE,DDAC,0.25,40,300,40,0.01,0.15,1e-05,0.1954632687382892,1.0,0.1954632687382892,22.3,0.95,0.0,22.3,1746.06,4.361968222298574,0.8998804580958687,0.5746690937583648
POWER_DEGREE,DDAC,0.25,60,300,40,0.01,0.15,1e-05,0.1885705217477434,1.0,0.1885705217477434,21.275,1.0,0.0,21.275,1717.3199999999997,3.979414243614346,0.9123590897486054,0.5071434239076604
POWER_DEGREE,DDAC,0.25,100,300,40,0.01,0.15,1e-05,0.0908765231649249,1.0,0.0908765231649249,9.575,0.35,0.0,9.575,887.5350000000001,2.1813948011440245,0.9825774340534056,0.4545617384175375
POWER_DEGREE,DDAC,0.5,20,300,40,0.01,0.15,1e-05,0.4372181656633175,0.975,0.4262877115217346,50.225,1.55,0.025,50.125,3898.365,9.132257881337706,0.7346424948188748,0.4689848619472354
POWER_DEGREE,DDAC,0.5,40,300,40,0.01,0.15,1e-05,0.222290461977007,0.975,0.2167332004275818,26.525,1.025,0.025,25.525,2063.285,4.82339594600452,0.8862974337523631,0.5555068128735664
POWER_DEGREE,DDAC,0.5,60,300,40,0.01,0.15,1e-05,0.1407312556390497,1.0,0.1407312556390497,16.2,1.125,0.0,16.2,1240.155,3.2235538390969865,0.9457674610904524,0.5370429652255939
POWER_DEGREE,DDAC,0.5,100,300,40,0.01,0.15,1e-05,0.1163097411247839,1.0,0.1163097411247839,12.025,0.575,0.0,12.025,1140.1650000000002,2.512026634622191,0.9684170467626412,0.441845129437608
POWER_DEGREE,DDAC,1.0,20,300,40,0.01,0.15,1e-05,0.5034232223285097,0.95,0.4782520612120841,59.075,2.1,0.05,57.725,4537.325,10.36367193531028,0.6917749054864687,0.4138139813929086
POWER_DEGREE,DDAC,1.0,40,300,40,0.01,0.15,1e-05,0.1430082686137797,0.95,0.1358578551830907,18.55,1.025,0.05,16.225,1295.89,3.4597422201570103,0.9364013040705494,0.6121369509901574
POWER_DEGREE,DDAC,1.0,60,300,40,0.01,0.15,1e-05,0.0953673381629199,0.975,0.0929831547088469,11.65,0.775,0.025,11.025,843.2,2.5068039429741353,0.9627434801423312,0.5653954136481749
POWER_DEGREE,DDAC,1.0,100,300,40,0.01,0.15,1e-05,0.110494725441181,1.0,0.110494725441181,10.875,0.575,0.0,10.875,1134.845,2.436431430735353,0.9733834309061984,0.4447526372794094
POWER_DEGREE,DDDC,0.25,20,300,40,0.01,0.15,1e-05,0.6585171114199506,0.8,0.5268136891359605,103.875,0.875,0.2,85.675,5710.5650000000005,13.24841827241108,0.5879638775770322,0.2845690738167079
POWER_DEGREE,DDDC,0.25,40,240,40,0.01,0.15,1e-05,0.5703726108599209,0.9,0.5133353497739288,85.15,1.1,0.1,80.575,4966.525,10.810408906790638,0.6652578029410515,0.306876706528628
POWER_DEGREE,DDDC,0.25,60,300,40,0.01,0.15,1e-05,0.5995883409838034,0.9,0.5396295068854231,86.775,0.95,0.1,79.95,5214.460000000001,10.473495787544094,0.6642675783605279,0.2502572868851228
POWER_DEGREE,DDDC,0.25,100,300,40,0.01,0.15,1e-05,0.4499851228279766,0.9,0.404986610545179,63.775,1.325,0.1,58.525,4116.39,6.849806596763696,0.7975096701618152,0.2750074385860117
POWER_DEGREE,DDDC,0.5,20,180,40,0.01,0.15,1e-05,0.6056917599682234,0.925,0.5602648779706068,88.275,1.95,0.075,83.575,5372.67,12.265866735408956,0.6248003560206548,0.3285902000264805
POWER_DEGREE,DDDC,0.5,40,300,40,0.01,0.15,1e-05,0.6786624961165177,0.9,0.610796246504866,97.625,0.9,0.1,89.825,5957.4800000000005,12.672994933204103,0.5948693775242635,0.2295267884882016
POWER_DEGREE,DDDC,0.5,60,240,40,0.01,0.15,1e-05,0.5432908351531818,0.95,0.5161262933955226,79.675,1.075,0.05,76.2,4770.305,9.583995195420272,0.7038609571504318,0.2854432280292613
POWER_DEGREE,DDDC,0.5,100,300,40,0.01,0.15,1e-05,0.4549082552130389,0.9,0.409417429691735,64.225,1.45,0.1,58.075,4204.35,6.913807317769506,0.7943096341115247,0.2725458723934805
POWER_DEGREE,DDDC,1.0,20,300,40,0.01,0.15,1e-05,0.75488728364256,0.9,0.679398555278304,106.675,0.6,0.1,97.525,6508.925,15.040903475751616,0.527323265632336,0.2042605969645334
POWER_DEGREE,DDDC,1.0,40,300,40,0.01,0.15,1e-05,0.5837744423669738,0.775,0.4524251928344047,94.325,0.85,0.225,77.2,5148.775,11.04092040871195,0.6515466124614671,0.2973039697378758
POWER_DEGREE,DDDC,1.0,60,240,40,0.01,0.15,1e-05,0.5190013577129842,0.9,0.4671012219416857,79.5,1.15,0.1,72.55,4565.135,9.20022145186515,0.7166491174865602,0.3006241514293848
POWER_DEGREE,DDDC,1.0,100,300,40,0.01,0.15,1e-05,0.4499851228279766,0.9,0.404986610545179,63.775,1.325,0.1,58.525,4116.39,6.849806596763696,0.7975096701618152,0.2750074385860117
POWER_DEGREE,RC,0.25,20,300,40,0.01,0.15,1e-05,0.6570327136692965,0.8,0.5256261709354372,97.2,1.15,0.2,83.625,5680.665,13.220808474248916,0.5889287361149572,0.2858060719422529
POWER_DEGREE,RC,0.25,40,300,40,0.01,0.15,1e-05,0.6254468517524375,0.9,0.5629021665771938,90.025,1.525,0.1,83.125,5274.715000000001,11.757685850141923,0.6294595463609156,0.2675379630339732
POWER_DEGREE,RC,0.25,60,300,40,0.01,0.15,1e-05,0.5734713076685143,0.975,0.5591345249768014,75.425,1.475,0.025,74.475,4999.455,10.060846661162524,0.6857436500154657,0.2665804327071785
POWER_DEGREE,RC,0.25,100,300,40,0.01,0.15,1e-05,0.3484481986693314,0.975,0.3397369937025981,45.475,1.275,0.025,44.225,2948.825,5.529826582701309,0.869224893062475,0.3257759006653343
POWER_DEGREE,RC,0.5,20,300,40,0.01,0.15,1e-05,0.7593937343974602,0.9,0.6834543609577142,105.725,0.75,0.1,96.35,6524.860000000001,15.124723459792758,0.5243940726416509,0.2005052213354499
POWER_DEGREE,RC,0.5,40,300,40,0.01,0.15,1e-05,0.6563327727841481,0.875,0.5742911761861296,93.8,0.875,0.125,85.625,5435.99,12.288923691887348,0.6083836976903038,0.2454765908684656
POWER_DEGREE,RC,0.5,60,300,40,0.01,0.15,1e-05,0.5675755000613243,0.9,0.5108179500551919,79.75,1.375,0.1,74.05,4982.17,9.967692900968924,0.6850759249601392,0.2702653124616723
POWER_DEGREE,RC,0.5,100,300,40,0.01,0.15,1e-05,0.309522883660336,0.95,0.2940467394773192,40.05,1.6,0.05,38.25,2581.7300000000005,5.023797487584367,0.8930582594218803,0.345238558169832
POWER_DEGREE,RC,1.0,20,240,40,0.01,0.15,1e-05,0.7583112090704429,0.975,0.7393534288436818,100.125,1.2,0.025,97.675,6439.82,15.104588488710238,0.5265977141042122,0.201407325774631
POWER_DEGREE,RC,1.0,40,240,40,0.01,0.15,1e-05,0.5736361960126964,0.9,0.5162725764114268,85.425,1.55,0.1,77.85,4817.585,10.866542571418378,0.6631364725917474,0.3045455742766455
POWER_DEGREE,RC,1.0,60,300,40,0.01,0.15,1e-05,0.5542823087226976,0.9,0.4988540778504278,76.325,1.35,0.1,72.45,4793.150000000001,9.757660477818623,0.6937164993302465,0.278573557048314
POWER_DEGREE,RC,1.0,100,300,40,0.01,0.15,1e-05,0.3484481986693314,0.975,0.3397369937025981,45.475,1.275,0.025,44.225,2948.825,5.529826582701309,0.869224893062475,0.3257759006653343
RANDOM,DCAC,0.25,20,240,40,0.01,0.15,1e-05,0.817160831232109,0.95,0.7763027896705036,94.05,1.5,0.05,91.275,7389.789999999999,16.199191460917227,0.4878454596991292,0.1523659739732424
RANDOM,DCAC,0.25,40,240,40,0.01,0.15,1e-05,0.6592048569638317,0.925,0.6097644926915443,77.425,2.1,0.075,72.65,6210.4400000000005,12.338323539777909,0.6085168429735093,0.2434251021686916
RANDOM,DCAC,0.25,60,300,40,0.01,0.15,1e-05,0.6090876971991628,0.9,0.5481789274792466,71.625,1.825,0.1,65.45,5792.9400000000005,10.623585615746771,0.6580929968205443,0.2443201892505233
RANDOM,DCAC,0.25,100,300,40,0.01,0.15,1e-05,0.3483595235919722,0.975,0.3396505355021729,34.8,0.9,0.025,33.65,3695.875,5.528673806695638,0.8631486575933749,0.3258202382040139
RANDOM,DCAC,0.5,20,300,40,0.01,0.15,1e-05,0.8448156113654168,0.9,0.7603340502288751,105.425,0.775,0.1,97.075,7385.530000000001,16.71357037139676,0.4688698526124789,0.1293203238621525
RANDOM,DCAC,0.5,40,240,40,0.01,0.15,1e-05,0.7011220720923361,0.925,0.6485379166854109,83.85,1.925,0.075,77.525,6508.280000000001,13.059299639988184,0.5812706531399815,0.2134842342197599
RANDOM,DCAC,0.5,60,240,40,0.01,0.15,1e-05,0.5717012910621332,0.925,0.5288236942324732,63.075,1.625,0.075,60.65,5630.235,10.032880398781703,0.6838941608096134,0.2676866930861667
RANDOM,DCAC,0.5,100,300,40,0.01,0.15,1e-05,0.3371853626616593,0.95,0.3203260945285763,34.725,1.625,0.05,33.425,3601.215,5.383409714601571,0.8688649304025052,0.3314073186691703
RANDOM,DCAC,1.0,20,300,40,0.01,0.15,1e-05,0.8174490936784183,0.875,0.715267956968616,105.075,0.925,0.125,94.1,7156.345000000001,16.204553142418582,0.4861580891090281,0.1521257552679848
RANDOM,DCAC,1.0,40,240,40,0.01,0.15,1e-05,0.6769965427085546,0.9,0.6092968884376991,80.125,1.55,0.1,74.175,6247.975,12.64434053458714,0.5959522472394394,0.2307167552081753
RANDOM,DCAC,1.0,60,240,40,0.01,0.15,1e-05,0.6156593317471418,0.95,0.5848763651597847,67.925,1.625,0.05,65.675,5980.485000000001,10.72741744160484,0.6568214343643579,0.2402129176580363
RANDOM,DCAC,1.0,100,300,40,0.01,0.15,1e-05,0.3232413142185485,1.0,0.3232413142185485,32.3,1.175,0.0,32.3,3462.38,5.202137084841131,0.8735131871328836,0.3383793428907257
RANDOM,DCDC,0.25,20,300,40,0.01,0.15,1e-05,0.7341462006766729,0.85,0.624024270575172,99.275,1.175,0.15,88.5,6216.085,14.655119332586116,0.5398049695601624,0.2215448327694392
RANDOM,DCDC,0.25,40,300,40,0.01,0.15,1e-05,0.6691823516615876,0.9,0.6022641164954289,90.475,1.45,0.1,82.975,5472.4800000000005,12.509936448579309,0.601031471419968,0.2362983202417231
RANDOM,DCDC,0.25,60,300,40,0.01,0.15,1e-05,0.5916083476467997,0.95,0.5620279302644597,76.85,1.4,0.05,74.4,4862.825,10.347411892819435,0.6724545740295802,0.2552447827207501
RANDOM,DCDC,0.25,100,300,40,0.01,0.15,1e-05,0.239362164539949,0.975,0.2333781104264503,31.8,1.275,0.025,31.65,1936.2,4.1117081390193375,0.922933840557483,0.3803189177300254
RANDOM,DCDC,0.5,20,300,40,0.01,0.15,1e-05,0.7223898276278895,0.825,0.5959716077930088,102.175,0.725,0.175,87.325,6018.295,14.436450793878745,0.5469466120418718,0.2313418103100921
RANDOM,DCDC,0.5,40,300,40,0.01,0.15,1e-05,0.692685607568429,0.9,0.6234170468115862,92.35,1.025,0.1,84.85,5754.8150000000005,12.914192450176978,0.5857543550805211,0.219510280308265
RANDOM,DCDC,0.5,60,240,40,0.01,0.15,1e-05,0.5054915152166718,0.975,0.492854227336255,65.7,1.7,0.025,63.8,4173.620000000001,8.986765940423416,0.7292126780690438,0.3090678029895801
RANDOM,DCDC,0.5,100,300,40,0.01,0.15,1e-05,0.26778174470179,0.9,0.241003570231611,37.575,1.3,0.1,35.0,2178.5950000000003,4.481162681123271,0.9047254844783968,0.3661091276491049
RANDOM,DCDC,1.0,20,240,40,0.01,0.15,1e-05,0.775125750585685,0.925,0.7169913192917586,97.975,1.25,0.075,93.65,6631.725,15.41733896089374,0.5146682621193047,0.1873952078452625
RANDOM,DCDC,1.0,40,240,40,0.01,0.15,1e-05,0.5893187651828964,0.875,0.5156539195350344,80.075,1.925,0.125,73.95,4878.245000000001,11.136282761145818,0.6519428026311174,0.293343739155074
RANDOM,DCDC,1.0,60,300,40,0.01,0.15,1e-05,0.5819315111990501,0.925,0.5382866478591214,77.075,1.55,0.075,73.2,4797.969999999999,10.19451787694499,0.6772445177206174,0.2612928055005937
RANDOM,DCDC,1.0,100,300,40,0.01,0.15,1e-05,0.239362164539949,0.975,0.2333781104264503,31.8,1.275,0.025,31.65,1936.2,4.1117081390193375,0.922933840557483,0.3803189177300254
RANDOM,DDAC,0.25,20,240,40,0.01,0.15,1e-05,0.7775526640575601,0.9,0.699797397651804,94.7,1.85,0.1,87.05,6667.125,15.46247955147062,0.512590768362586,0.1853727799520332
RANDOM,DDAC,0.25,40,240,40,0.01,0.15,1e-05,0.7035556927506824,0.975,0.6859668004319154,77.525,1.65,0.025,75.95,6124.3150000000005,13.101157915311736,0.5816887997120566,0.2117459337495126
RANDOM,DDAC,0.25,60,240,40,0.01,0.15,1e-05,0.5436628107426213,0.975,0.5300712404740558,56.95,1.85,0.025,56.625,4667.6050000000005,9.589872409733417,0.7032181734404618,0.2852107432858616
RANDOM,DDAC,0.25,100,300,40,0.01,0.15,1e-05,0.3763407222646374,0.975,0.3669322042080215,37.7,1.35,0.025,36.875,3387.155,5.892429389440286,0.8481096247444609,0.3118296388676812
RANDOM,DDAC,0.5,20,180,40,0.01,0.15,1e-05,0.7189226369261055,0.95,0.6829765050798001,82.35,2.175,0.05,78.35,6201.975,14.37196104682556,0.5517002859980316,0.2342311358949122
RANDOM,DDAC,0.5,40,240,40,0.01,0.15,1e-05,0.6913190306682282,0.9,0.6221871276014054,82.9,1.5,0.1,76.1,6006.6050000000005,12.890687327493524,0.5866426300656516,0.2204864066655512
RANDOM,DDAC,0.5,60,300,40,0.01,0.15,1e-05,0.626579345112432,0.875,0.5482569269733779,73.225,1.525,0.125,68.35,5341.7,10.899953652776428,0.6452234256769193,0.23338790930473
RANDOM,DDAC,0.5,100,300,40,0.01,0.15,1e-05,0.3163099682387495,0.975,0.3084022190327807,31.8,1.275,0.025,31.65,2798.4700000000003,5.112029587103744,0.8777033467562599,0.3418450158806252
RANDOM,DDAC,1.0,20,300,40,0.01,0.15,1e-05,0.8456196373442492,0.9,0.7610576736098242,103.475,0.775,0.1,97.475,7241.38,16.728525254603035,0.468347235726238,0.1286503022131257
RANDOM,DDAC,1.0,40,240,40,0.01,0.15,1e-05,0.7347590649121665,0.925,0.679652135043754,85.55,1.45,0.075,80.75,6268.925,13.637855916489263,0.5594066078070918,0.1894578107770239
RANDOM,DDAC,1.0,60,240,40,0.01,0.15,1e-05,0.6116291195148531,0.95,0.5810476635391104,68.05,1.9,0.05,64.625,5314.160000000001,10.66374008833468,0.6594410723153455,0.2427318003032167
RANDOM,DDAC,1.0,100,300,40,0.01,0.15,1e-05,0.3763407222646374,0.975,0.3669322042080215,37.7,1.35,0.025,36.875,3387.155,5.892429389440286,0.8481096247444609,0.3118296388676812
RANDOM,DDDC,0.25,20,300,40,0.01,0.15,1e-05,0.7984069822572876,0.9,0.7185662840315589,102.675,1.125,0.1,95.55,6813.045000000001,15.850369869985547,0.499035461532763,0.1679941814522604
RANDOM,DDDC,0.25,40,240,40,0.01,0.15,1e-05,0.6352696284611075,0.95,0.603506147038052,77.725,2.05,0.05,75.825,5584.344999999999,11.926637609531047,0.6250747415002802,0.2605216939563518
RANDOM,DDDC,0.25,60,300,40,0.01,0.15,1e-05,0.5578911551642022,0.9,0.502102039647782,70.2,1.425,0.1,67.775,4935.075,9.814680251594394,0.6913707491432686,0.2763180280223736
RANDOM,DDDC,0.25,100,300,40,0.01,0.15,1e-05,0.2712189355590071,0.925,0.2508775153920816,36.625,1.225,0.075,34.225,2548.9,4.525846162267094,0.9064522719260252,0.3643905322204964
RANDOM,DDDC,0.5,20,240,40,0.01,0.15,1e-05,0.7896319829481631,0.95,0.7501503838007548,97.975,1.375,0.05,95.125,6830.115,15.687154882835832,0.505739211083694,0.1753066808765307
RANDOM,DDDC,0.5,40,240,40,0.01,0.15,1e-05,0.6423265252844296,0.925,0.5941520358880974,83.85,1.925,0.075,77.525,5741.635,12.048016234892188,0.6194877585651208,0.2554810533682646
RANDOM,DDDC,0.5,60,300,40,0.01,0.15,1e-05,0.584951494812147,0.95,0.5557039200715397,74.85,1.55,0.05,71.975,5192.15,10.242233618031923,0.6767815283721044,0.259405315742408
RANDOM,DDDC,0.5,100,300,40,0.01,0.15,1e-05,0.2625502217775451,0.975,0.2559864662331065,34.8,0.9,0.025,33.65,2374.005,4.413152883108087,0.9125986231850928,0.3687248891112274
RANDOM,DDDC,1.0,20,240,40,0.01,0.15,1e-05,0.7556815347615895,0.9,0.6801133812854305,97.525,1.375,0.1,91.175,6523.575,15.055676546565564,0.5268070024049669,0.2035987210320088
RANDOM,DDDC,1.0,40,300,40,0.01,0.15,1e-05,0.7487325213108305,0.95,0.7112958952452889,93.825,0.925,0.05,91.725,6432.5,13.878199366546283,0.5513238611479602,0.1794767704922639
RANDOM,DDDC,1.0,60,240,40,0.01,0.15,1e-05,0.515143871720732,0.975,0.5022652749277137,63.7,1.65,0.025,61.9,4642.280000000001,9.139273173187568,0.7236564833815242,0.3030350801745424
RANDOM,DDDC,1.0,100,300,40,0.01,0.15,1e-05,0.2712189355590071,0.925,0.2508775153920816,36.625,1.225,0.075,34.225,2548.9,4.525846162267094,0.9064522719260252,0.3643905322204964
RANDOM,RC,0.25,20,240,40,0.01,0.15,1e-05,0.7149674339115617,0.925,0.6613448763681946,89.1,1.85,0.075,83.9,6095.865000000001,14.298394270755043,0.5537711679574849,0.237527138407032
RANDOM,RC,0.25,40,240,40,0.01,0.15,1e-05,0.5925096517528764,0.95,0.5628841691652325,72.05,1.85,0.05,70.425,4904.1050000000005,11.191166010149471,0.6528687263606303,0.2910645344622312
RANDOM,RC,0.25,60,300,40,0.01,0.15,1e-05,0.5649791950110398,0.825,0.4661078358841077,74.6,1.5,0.175,66.05,4660.07,9.92667128117443,0.6822635232428242,0.2718880031181001
RANDOM,RC,0.25,100,300,40,0.01,0.15,1e-05,0.264917166321751,0.9,0.2384254496895759,33.95,0.95,0.1,31.025,2045.5699999999997,4.443923162182764,0.9082666258663468,0.3675414168391245
RANDOM,RC,0.5,20,300,40,0.01,0.15,1e-05,0.8200149507987977,0.9,0.738013455718918,105.425,0.775,0.1,97.075,6889.375,16.252278084857643,0.4849902819807813,0.1499875410010018
RANDOM,RC,0.5,40,240,40,0.01,0.15,1e-05,0.6571649414049401,0.925,0.6078775707995696,82.25,1.475,0.075,78.225,5433.92,12.303236992164967,0.6098427880867889,0.244882184710757
RANDOM,RC,0.5,60,300,40,0.01,0.15,1e-05,0.6273267569109894,0.925,0.5802772501426652,76.15,1.5,0.075,73.15,5267.76,10.911762759193632,0.647737608007857,0.2329207769306316
RANDOM,RC,0.5,100,300,40,0.01,0.15,1e-05,0.2782120641254514,1.0,0.2782120641254514,32.3,1.175,0.0,32.3,2255.72,4.616756833630869,0.900217826039556,0.3608939679372743
RANDOM,RC,1.0,20,240,40,0.01,0.15,1e-05,0.8227154523689325,0.95,0.7815796797504858,101.0,1.025,0.05,97.15,7044.12,16.302507414062145,0.4842349559601938,0.1477371230258895
RANDOM,RC,1.0,40,300,40,0.01,0.15,1e-05,0.7238963792696383,0.9,0.6515067413426745,90.275,1.025,0.1,84.7,6136.639999999999,13.451017723437776,0.5654673534747351,0.1972168719502584
RANDOM,RC,1.0,60,300,40,0.01,0.15,1e-05,0.6094925924297834,0.95,0.5790179628082942,73.7,1.55,0.05,71.725,5095.89,10.629982960390578,0.6608298149206409,0.2440671297313854
RANDOM,RC,1.0,100,300,40,0.01,0.15,1e-05,0.2862369759282034,0.95,0.2719251271317932,34.775,1.25,0.05,33.375,2334.9700000000003,4.721080687066644,0.893528776045415,0.3568815120358983
